/*--------------------------------*- C++ -*----------------------------------*\
| =========                 |                                                 |
| \\      /  F ield         | OpenFOAM: The Open Source CFD Toolbox           |
|  \\    /   O peration     | Version:  5.x                                   |
|   \\  /    A nd           | Web:      www.OpenFOAM.org                      |
|    \\/     M anipulation  |                                                 |
\*---------------------------------------------------------------------------*/
FoamFile
{
    version     2.0;
    format      ascii;
    class       labelList;
    note        "nPoints: 18785 nCells: 16384 nFaces: 51456 nInternalFaces: 46848";
    location    "constant/polyMesh";
    object      neighbour;
}
// * * * * * * * * * * * * * * * * * * * * * * * * * * * * * * * * * * * * * //


46848
(
1
16
256
2
17
257
3
18
258
4
19
259
5
20
260
6
21
261
7
22
262
8
23
263
9
24
264
10
25
265
11
26
266
12
27
267
13
28
268
14
29
269
15
30
270
31
271
17
32
272
18
33
273
19
34
274
20
35
275
21
36
276
22
37
277
23
38
278
24
39
279
25
40
280
26
41
281
27
42
282
28
43
283
29
44
284
30
45
285
31
46
286
47
287
33
48
288
34
49
289
35
50
290
36
51
291
37
52
292
38
53
293
39
54
294
40
55
295
41
56
296
42
57
297
43
58
298
44
59
299
45
60
300
46
61
301
47
62
302
63
303
49
64
304
50
65
305
51
66
306
52
67
307
53
68
308
54
69
309
55
70
310
56
71
311
57
72
312
58
73
313
59
74
314
60
75
315
61
76
316
62
77
317
63
78
318
79
319
65
80
320
66
81
321
67
82
322
68
83
323
69
84
324
70
85
325
71
86
326
72
87
327
73
88
328
74
89
329
75
90
330
76
91
331
77
92
332
78
93
333
79
94
334
95
335
81
96
336
82
97
337
83
98
338
84
99
339
85
100
340
86
101
341
87
102
342
88
103
343
89
104
344
90
105
345
91
106
346
92
107
347
93
108
348
94
109
349
95
110
350
111
351
97
112
352
98
113
353
99
114
354
100
115
355
101
116
356
102
117
357
103
118
358
104
119
359
105
120
360
106
121
361
107
122
362
108
123
363
109
124
364
110
125
365
111
126
366
127
367
113
128
368
114
129
369
115
130
370
116
131
371
117
132
372
118
133
373
119
134
374
120
135
375
121
136
376
122
137
377
123
138
378
124
139
379
125
140
380
126
141
381
127
142
382
143
383
129
144
384
130
145
385
131
146
386
132
147
387
133
148
388
134
149
389
135
150
390
136
151
391
137
152
392
138
153
393
139
154
394
140
155
395
141
156
396
142
157
397
143
158
398
159
399
145
160
400
146
161
401
147
162
402
148
163
403
149
164
404
150
165
405
151
166
406
152
167
407
153
168
408
154
169
409
155
170
410
156
171
411
157
172
412
158
173
413
159
174
414
175
415
161
176
416
162
177
417
163
178
418
164
179
419
165
180
420
166
181
421
167
182
422
168
183
423
169
184
424
170
185
425
171
186
426
172
187
427
173
188
428
174
189
429
175
190
430
191
431
177
192
432
178
193
433
179
194
434
180
195
435
181
196
436
182
197
437
183
198
438
184
199
439
185
200
440
186
201
441
187
202
442
188
203
443
189
204
444
190
205
445
191
206
446
207
447
193
208
448
194
209
449
195
210
450
196
211
451
197
212
452
198
213
453
199
214
454
200
215
455
201
216
456
202
217
457
203
218
458
204
219
459
205
220
460
206
221
461
207
222
462
223
463
209
224
464
210
225
465
211
226
466
212
227
467
213
228
468
214
229
469
215
230
470
216
231
471
217
232
472
218
233
473
219
234
474
220
235
475
221
236
476
222
237
477
223
238
478
239
479
225
240
480
226
241
481
227
242
482
228
243
483
229
244
484
230
245
485
231
246
486
232
247
487
233
248
488
234
249
489
235
250
490
236
251
491
237
252
492
238
253
493
239
254
494
255
495
241
496
242
497
243
498
244
499
245
500
246
501
247
502
248
503
249
504
250
505
251
506
252
507
253
508
254
509
255
510
511
257
272
512
258
273
513
259
274
514
260
275
515
261
276
516
262
277
517
263
278
518
264
279
519
265
280
520
266
281
521
267
282
522
268
283
523
269
284
524
270
285
525
271
286
526
287
527
273
288
528
274
289
529
275
290
530
276
291
531
277
292
532
278
293
533
279
294
534
280
295
535
281
296
536
282
297
537
283
298
538
284
299
539
285
300
540
286
301
541
287
302
542
303
543
289
304
544
290
305
545
291
306
546
292
307
547
293
308
548
294
309
549
295
310
550
296
311
551
297
312
552
298
313
553
299
314
554
300
315
555
301
316
556
302
317
557
303
318
558
319
559
305
320
560
306
321
561
307
322
562
308
323
563
309
324
564
310
325
565
311
326
566
312
327
567
313
328
568
314
329
569
315
330
570
316
331
571
317
332
572
318
333
573
319
334
574
335
575
321
336
576
322
337
577
323
338
578
324
339
579
325
340
580
326
341
581
327
342
582
328
343
583
329
344
584
330
345
585
331
346
586
332
347
587
333
348
588
334
349
589
335
350
590
351
591
337
352
592
338
353
593
339
354
594
340
355
595
341
356
596
342
357
597
343
358
598
344
359
599
345
360
600
346
361
601
347
362
602
348
363
603
349
364
604
350
365
605
351
366
606
367
607
353
368
608
354
369
609
355
370
610
356
371
611
357
372
612
358
373
613
359
374
614
360
375
615
361
376
616
362
377
617
363
378
618
364
379
619
365
380
620
366
381
621
367
382
622
383
623
369
384
624
370
385
625
371
386
626
372
387
627
373
388
628
374
389
629
375
390
630
376
391
631
377
392
632
378
393
633
379
394
634
380
395
635
381
396
636
382
397
637
383
398
638
399
639
385
400
640
386
401
641
387
402
642
388
403
643
389
404
644
390
405
645
391
406
646
392
407
647
393
408
648
394
409
649
395
410
650
396
411
651
397
412
652
398
413
653
399
414
654
415
655
401
416
656
402
417
657
403
418
658
404
419
659
405
420
660
406
421
661
407
422
662
408
423
663
409
424
664
410
425
665
411
426
666
412
427
667
413
428
668
414
429
669
415
430
670
431
671
417
432
672
418
433
673
419
434
674
420
435
675
421
436
676
422
437
677
423
438
678
424
439
679
425
440
680
426
441
681
427
442
682
428
443
683
429
444
684
430
445
685
431
446
686
447
687
433
448
688
434
449
689
435
450
690
436
451
691
437
452
692
438
453
693
439
454
694
440
455
695
441
456
696
442
457
697
443
458
698
444
459
699
445
460
700
446
461
701
447
462
702
463
703
449
464
704
450
465
705
451
466
706
452
467
707
453
468
708
454
469
709
455
470
710
456
471
711
457
472
712
458
473
713
459
474
714
460
475
715
461
476
716
462
477
717
463
478
718
479
719
465
480
720
466
481
721
467
482
722
468
483
723
469
484
724
470
485
725
471
486
726
472
487
727
473
488
728
474
489
729
475
490
730
476
491
731
477
492
732
478
493
733
479
494
734
495
735
481
496
736
482
497
737
483
498
738
484
499
739
485
500
740
486
501
741
487
502
742
488
503
743
489
504
744
490
505
745
491
506
746
492
507
747
493
508
748
494
509
749
495
510
750
511
751
497
752
498
753
499
754
500
755
501
756
502
757
503
758
504
759
505
760
506
761
507
762
508
763
509
764
510
765
511
766
767
513
528
768
514
529
769
515
530
770
516
531
771
517
532
772
518
533
773
519
534
774
520
535
775
521
536
776
522
537
777
523
538
778
524
539
779
525
540
780
526
541
781
527
542
782
543
783
529
544
784
530
545
785
531
546
786
532
547
787
533
548
788
534
549
789
535
550
790
536
551
791
537
552
792
538
553
793
539
554
794
540
555
795
541
556
796
542
557
797
543
558
798
559
799
545
560
800
546
561
801
547
562
802
548
563
803
549
564
804
550
565
805
551
566
806
552
567
807
553
568
808
554
569
809
555
570
810
556
571
811
557
572
812
558
573
813
559
574
814
575
815
561
576
816
562
577
817
563
578
818
564
579
819
565
580
820
566
581
821
567
582
822
568
583
823
569
584
824
570
585
825
571
586
826
572
587
827
573
588
828
574
589
829
575
590
830
591
831
577
592
832
578
593
833
579
594
834
580
595
835
581
596
836
582
597
837
583
598
838
584
599
839
585
600
840
586
601
841
587
602
842
588
603
843
589
604
844
590
605
845
591
606
846
607
847
593
608
848
594
609
849
595
610
850
596
611
851
597
612
852
598
613
853
599
614
854
600
615
855
601
616
856
602
617
857
603
618
858
604
619
859
605
620
860
606
621
861
607
622
862
623
863
609
624
864
610
625
865
611
626
866
612
627
867
613
628
868
614
629
869
615
630
870
616
631
871
617
632
872
618
633
873
619
634
874
620
635
875
621
636
876
622
637
877
623
638
878
639
879
625
640
880
626
641
881
627
642
882
628
643
883
629
644
884
630
645
885
631
646
886
632
647
887
633
648
888
634
649
889
635
650
890
636
651
891
637
652
892
638
653
893
639
654
894
655
895
641
656
896
642
657
897
643
658
898
644
659
899
645
660
900
646
661
901
647
662
902
648
663
903
649
664
904
650
665
905
651
666
906
652
667
907
653
668
908
654
669
909
655
670
910
671
911
657
672
912
658
673
913
659
674
914
660
675
915
661
676
916
662
677
917
663
678
918
664
679
919
665
680
920
666
681
921
667
682
922
668
683
923
669
684
924
670
685
925
671
686
926
687
927
673
688
928
674
689
929
675
690
930
676
691
931
677
692
932
678
693
933
679
694
934
680
695
935
681
696
936
682
697
937
683
698
938
684
699
939
685
700
940
686
701
941
687
702
942
703
943
689
704
944
690
705
945
691
706
946
692
707
947
693
708
948
694
709
949
695
710
950
696
711
951
697
712
952
698
713
953
699
714
954
700
715
955
701
716
956
702
717
957
703
718
958
719
959
705
720
960
706
721
961
707
722
962
708
723
963
709
724
964
710
725
965
711
726
966
712
727
967
713
728
968
714
729
969
715
730
970
716
731
971
717
732
972
718
733
973
719
734
974
735
975
721
736
976
722
737
977
723
738
978
724
739
979
725
740
980
726
741
981
727
742
982
728
743
983
729
744
984
730
745
985
731
746
986
732
747
987
733
748
988
734
749
989
735
750
990
751
991
737
752
992
738
753
993
739
754
994
740
755
995
741
756
996
742
757
997
743
758
998
744
759
999
745
760
1000
746
761
1001
747
762
1002
748
763
1003
749
764
1004
750
765
1005
751
766
1006
767
1007
753
1008
754
1009
755
1010
756
1011
757
1012
758
1013
759
1014
760
1015
761
1016
762
1017
763
1018
764
1019
765
1020
766
1021
767
1022
1023
769
784
1024
770
785
1025
771
786
1026
772
787
1027
773
788
1028
774
789
1029
775
790
1030
776
791
1031
777
792
1032
778
793
1033
779
794
1034
780
795
1035
781
796
1036
782
797
1037
783
798
1038
799
1039
785
800
1040
786
801
1041
787
802
1042
788
803
1043
789
804
1044
790
805
1045
791
806
1046
792
807
1047
793
808
1048
794
809
1049
795
810
1050
796
811
1051
797
812
1052
798
813
1053
799
814
1054
815
1055
801
816
1056
802
817
1057
803
818
1058
804
819
1059
805
820
1060
806
821
1061
807
822
1062
808
823
1063
809
824
1064
810
825
1065
811
826
1066
812
827
1067
813
828
1068
814
829
1069
815
830
1070
831
1071
817
832
1072
818
833
1073
819
834
1074
820
835
1075
821
836
1076
822
837
1077
823
838
1078
824
839
1079
825
840
1080
826
841
1081
827
842
1082
828
843
1083
829
844
1084
830
845
1085
831
846
1086
847
1087
833
848
1088
834
849
1089
835
850
1090
836
851
1091
837
852
1092
838
853
1093
839
854
1094
840
855
1095
841
856
1096
842
857
1097
843
858
1098
844
859
1099
845
860
1100
846
861
1101
847
862
1102
863
1103
849
864
1104
850
865
1105
851
866
1106
852
867
1107
853
868
1108
854
869
1109
855
870
1110
856
871
1111
857
872
1112
858
873
1113
859
874
1114
860
875
1115
861
876
1116
862
877
1117
863
878
1118
879
1119
865
880
1120
866
881
1121
867
882
1122
868
883
1123
869
884
1124
870
885
1125
871
886
1126
872
887
1127
873
888
1128
874
889
1129
875
890
1130
876
891
1131
877
892
1132
878
893
1133
879
894
1134
895
1135
881
896
1136
882
897
1137
883
898
1138
884
899
1139
885
900
1140
886
901
1141
887
902
1142
888
903
1143
889
904
1144
890
905
1145
891
906
1146
892
907
1147
893
908
1148
894
909
1149
895
910
1150
911
1151
897
912
1152
898
913
1153
899
914
1154
900
915
1155
901
916
1156
902
917
1157
903
918
1158
904
919
1159
905
920
1160
906
921
1161
907
922
1162
908
923
1163
909
924
1164
910
925
1165
911
926
1166
927
1167
913
928
1168
914
929
1169
915
930
1170
916
931
1171
917
932
1172
918
933
1173
919
934
1174
920
935
1175
921
936
1176
922
937
1177
923
938
1178
924
939
1179
925
940
1180
926
941
1181
927
942
1182
943
1183
929
944
1184
930
945
1185
931
946
1186
932
947
1187
933
948
1188
934
949
1189
935
950
1190
936
951
1191
937
952
1192
938
953
1193
939
954
1194
940
955
1195
941
956
1196
942
957
1197
943
958
1198
959
1199
945
960
1200
946
961
1201
947
962
1202
948
963
1203
949
964
1204
950
965
1205
951
966
1206
952
967
1207
953
968
1208
954
969
1209
955
970
1210
956
971
1211
957
972
1212
958
973
1213
959
974
1214
975
1215
961
976
1216
962
977
1217
963
978
1218
964
979
1219
965
980
1220
966
981
1221
967
982
1222
968
983
1223
969
984
1224
970
985
1225
971
986
1226
972
987
1227
973
988
1228
974
989
1229
975
990
1230
991
1231
977
992
1232
978
993
1233
979
994
1234
980
995
1235
981
996
1236
982
997
1237
983
998
1238
984
999
1239
985
1000
1240
986
1001
1241
987
1002
1242
988
1003
1243
989
1004
1244
990
1005
1245
991
1006
1246
1007
1247
993
1008
1248
994
1009
1249
995
1010
1250
996
1011
1251
997
1012
1252
998
1013
1253
999
1014
1254
1000
1015
1255
1001
1016
1256
1002
1017
1257
1003
1018
1258
1004
1019
1259
1005
1020
1260
1006
1021
1261
1007
1022
1262
1023
1263
1009
1264
1010
1265
1011
1266
1012
1267
1013
1268
1014
1269
1015
1270
1016
1271
1017
1272
1018
1273
1019
1274
1020
1275
1021
1276
1022
1277
1023
1278
1279
1025
1040
1280
1026
1041
1281
1027
1042
1282
1028
1043
1283
1029
1044
1284
1030
1045
1285
1031
1046
1286
1032
1047
1287
1033
1048
1288
1034
1049
1289
1035
1050
1290
1036
1051
1291
1037
1052
1292
1038
1053
1293
1039
1054
1294
1055
1295
1041
1056
1296
1042
1057
1297
1043
1058
1298
1044
1059
1299
1045
1060
1300
1046
1061
1301
1047
1062
1302
1048
1063
1303
1049
1064
1304
1050
1065
1305
1051
1066
1306
1052
1067
1307
1053
1068
1308
1054
1069
1309
1055
1070
1310
1071
1311
1057
1072
1312
1058
1073
1313
1059
1074
1314
1060
1075
1315
1061
1076
1316
1062
1077
1317
1063
1078
1318
1064
1079
1319
1065
1080
1320
1066
1081
1321
1067
1082
1322
1068
1083
1323
1069
1084
1324
1070
1085
1325
1071
1086
1326
1087
1327
1073
1088
1328
1074
1089
1329
1075
1090
1330
1076
1091
1331
1077
1092
1332
1078
1093
1333
1079
1094
1334
1080
1095
1335
1081
1096
1336
1082
1097
1337
1083
1098
1338
1084
1099
1339
1085
1100
1340
1086
1101
1341
1087
1102
1342
1103
1343
1089
1104
1344
1090
1105
1345
1091
1106
1346
1092
1107
1347
1093
1108
1348
1094
1109
1349
1095
1110
1350
1096
1111
1351
1097
1112
1352
1098
1113
1353
1099
1114
1354
1100
1115
1355
1101
1116
1356
1102
1117
1357
1103
1118
1358
1119
1359
1105
1120
1360
1106
1121
1361
1107
1122
1362
1108
1123
1363
1109
1124
1364
1110
1125
1365
1111
1126
1366
1112
1127
1367
1113
1128
1368
1114
1129
1369
1115
1130
1370
1116
1131
1371
1117
1132
1372
1118
1133
1373
1119
1134
1374
1135
1375
1121
1136
1376
1122
1137
1377
1123
1138
1378
1124
1139
1379
1125
1140
1380
1126
1141
1381
1127
1142
1382
1128
1143
1383
1129
1144
1384
1130
1145
1385
1131
1146
1386
1132
1147
1387
1133
1148
1388
1134
1149
1389
1135
1150
1390
1151
1391
1137
1152
1392
1138
1153
1393
1139
1154
1394
1140
1155
1395
1141
1156
1396
1142
1157
1397
1143
1158
1398
1144
1159
1399
1145
1160
1400
1146
1161
1401
1147
1162
1402
1148
1163
1403
1149
1164
1404
1150
1165
1405
1151
1166
1406
1167
1407
1153
1168
1408
1154
1169
1409
1155
1170
1410
1156
1171
1411
1157
1172
1412
1158
1173
1413
1159
1174
1414
1160
1175
1415
1161
1176
1416
1162
1177
1417
1163
1178
1418
1164
1179
1419
1165
1180
1420
1166
1181
1421
1167
1182
1422
1183
1423
1169
1184
1424
1170
1185
1425
1171
1186
1426
1172
1187
1427
1173
1188
1428
1174
1189
1429
1175
1190
1430
1176
1191
1431
1177
1192
1432
1178
1193
1433
1179
1194
1434
1180
1195
1435
1181
1196
1436
1182
1197
1437
1183
1198
1438
1199
1439
1185
1200
1440
1186
1201
1441
1187
1202
1442
1188
1203
1443
1189
1204
1444
1190
1205
1445
1191
1206
1446
1192
1207
1447
1193
1208
1448
1194
1209
1449
1195
1210
1450
1196
1211
1451
1197
1212
1452
1198
1213
1453
1199
1214
1454
1215
1455
1201
1216
1456
1202
1217
1457
1203
1218
1458
1204
1219
1459
1205
1220
1460
1206
1221
1461
1207
1222
1462
1208
1223
1463
1209
1224
1464
1210
1225
1465
1211
1226
1466
1212
1227
1467
1213
1228
1468
1214
1229
1469
1215
1230
1470
1231
1471
1217
1232
1472
1218
1233
1473
1219
1234
1474
1220
1235
1475
1221
1236
1476
1222
1237
1477
1223
1238
1478
1224
1239
1479
1225
1240
1480
1226
1241
1481
1227
1242
1482
1228
1243
1483
1229
1244
1484
1230
1245
1485
1231
1246
1486
1247
1487
1233
1248
1488
1234
1249
1489
1235
1250
1490
1236
1251
1491
1237
1252
1492
1238
1253
1493
1239
1254
1494
1240
1255
1495
1241
1256
1496
1242
1257
1497
1243
1258
1498
1244
1259
1499
1245
1260
1500
1246
1261
1501
1247
1262
1502
1263
1503
1249
1264
1504
1250
1265
1505
1251
1266
1506
1252
1267
1507
1253
1268
1508
1254
1269
1509
1255
1270
1510
1256
1271
1511
1257
1272
1512
1258
1273
1513
1259
1274
1514
1260
1275
1515
1261
1276
1516
1262
1277
1517
1263
1278
1518
1279
1519
1265
1520
1266
1521
1267
1522
1268
1523
1269
1524
1270
1525
1271
1526
1272
1527
1273
1528
1274
1529
1275
1530
1276
1531
1277
1532
1278
1533
1279
1534
1535
1281
1296
1536
1282
1297
1537
1283
1298
1538
1284
1299
1539
1285
1300
1540
1286
1301
1541
1287
1302
1542
1288
1303
1543
1289
1304
1544
1290
1305
1545
1291
1306
1546
1292
1307
1547
1293
1308
1548
1294
1309
1549
1295
1310
1550
1311
1551
1297
1312
1552
1298
1313
1553
1299
1314
1554
1300
1315
1555
1301
1316
1556
1302
1317
1557
1303
1318
1558
1304
1319
1559
1305
1320
1560
1306
1321
1561
1307
1322
1562
1308
1323
1563
1309
1324
1564
1310
1325
1565
1311
1326
1566
1327
1567
1313
1328
1568
1314
1329
1569
1315
1330
1570
1316
1331
1571
1317
1332
1572
1318
1333
1573
1319
1334
1574
1320
1335
1575
1321
1336
1576
1322
1337
1577
1323
1338
1578
1324
1339
1579
1325
1340
1580
1326
1341
1581
1327
1342
1582
1343
1583
1329
1344
1584
1330
1345
1585
1331
1346
1586
1332
1347
1587
1333
1348
1588
1334
1349
1589
1335
1350
1590
1336
1351
1591
1337
1352
1592
1338
1353
1593
1339
1354
1594
1340
1355
1595
1341
1356
1596
1342
1357
1597
1343
1358
1598
1359
1599
1345
1360
1600
1346
1361
1601
1347
1362
1602
1348
1363
1603
1349
1364
1604
1350
1365
1605
1351
1366
1606
1352
1367
1607
1353
1368
1608
1354
1369
1609
1355
1370
1610
1356
1371
1611
1357
1372
1612
1358
1373
1613
1359
1374
1614
1375
1615
1361
1376
1616
1362
1377
1617
1363
1378
1618
1364
1379
1619
1365
1380
1620
1366
1381
1621
1367
1382
1622
1368
1383
1623
1369
1384
1624
1370
1385
1625
1371
1386
1626
1372
1387
1627
1373
1388
1628
1374
1389
1629
1375
1390
1630
1391
1631
1377
1392
1632
1378
1393
1633
1379
1394
1634
1380
1395
1635
1381
1396
1636
1382
1397
1637
1383
1398
1638
1384
1399
1639
1385
1400
1640
1386
1401
1641
1387
1402
1642
1388
1403
1643
1389
1404
1644
1390
1405
1645
1391
1406
1646
1407
1647
1393
1408
1648
1394
1409
1649
1395
1410
1650
1396
1411
1651
1397
1412
1652
1398
1413
1653
1399
1414
1654
1400
1415
1655
1401
1416
1656
1402
1417
1657
1403
1418
1658
1404
1419
1659
1405
1420
1660
1406
1421
1661
1407
1422
1662
1423
1663
1409
1424
1664
1410
1425
1665
1411
1426
1666
1412
1427
1667
1413
1428
1668
1414
1429
1669
1415
1430
1670
1416
1431
1671
1417
1432
1672
1418
1433
1673
1419
1434
1674
1420
1435
1675
1421
1436
1676
1422
1437
1677
1423
1438
1678
1439
1679
1425
1440
1680
1426
1441
1681
1427
1442
1682
1428
1443
1683
1429
1444
1684
1430
1445
1685
1431
1446
1686
1432
1447
1687
1433
1448
1688
1434
1449
1689
1435
1450
1690
1436
1451
1691
1437
1452
1692
1438
1453
1693
1439
1454
1694
1455
1695
1441
1456
1696
1442
1457
1697
1443
1458
1698
1444
1459
1699
1445
1460
1700
1446
1461
1701
1447
1462
1702
1448
1463
1703
1449
1464
1704
1450
1465
1705
1451
1466
1706
1452
1467
1707
1453
1468
1708
1454
1469
1709
1455
1470
1710
1471
1711
1457
1472
1712
1458
1473
1713
1459
1474
1714
1460
1475
1715
1461
1476
1716
1462
1477
1717
1463
1478
1718
1464
1479
1719
1465
1480
1720
1466
1481
1721
1467
1482
1722
1468
1483
1723
1469
1484
1724
1470
1485
1725
1471
1486
1726
1487
1727
1473
1488
1728
1474
1489
1729
1475
1490
1730
1476
1491
1731
1477
1492
1732
1478
1493
1733
1479
1494
1734
1480
1495
1735
1481
1496
1736
1482
1497
1737
1483
1498
1738
1484
1499
1739
1485
1500
1740
1486
1501
1741
1487
1502
1742
1503
1743
1489
1504
1744
1490
1505
1745
1491
1506
1746
1492
1507
1747
1493
1508
1748
1494
1509
1749
1495
1510
1750
1496
1511
1751
1497
1512
1752
1498
1513
1753
1499
1514
1754
1500
1515
1755
1501
1516
1756
1502
1517
1757
1503
1518
1758
1519
1759
1505
1520
1760
1506
1521
1761
1507
1522
1762
1508
1523
1763
1509
1524
1764
1510
1525
1765
1511
1526
1766
1512
1527
1767
1513
1528
1768
1514
1529
1769
1515
1530
1770
1516
1531
1771
1517
1532
1772
1518
1533
1773
1519
1534
1774
1535
1775
1521
1776
1522
1777
1523
1778
1524
1779
1525
1780
1526
1781
1527
1782
1528
1783
1529
1784
1530
1785
1531
1786
1532
1787
1533
1788
1534
1789
1535
1790
1791
1537
1552
1792
1538
1553
1793
1539
1554
1794
1540
1555
1795
1541
1556
1796
1542
1557
1797
1543
1558
1798
1544
1559
1799
1545
1560
1800
1546
1561
1801
1547
1562
1802
1548
1563
1803
1549
1564
1804
1550
1565
1805
1551
1566
1806
1567
1807
1553
1568
1808
1554
1569
1809
1555
1570
1810
1556
1571
1811
1557
1572
1812
1558
1573
1813
1559
1574
1814
1560
1575
1815
1561
1576
1816
1562
1577
1817
1563
1578
1818
1564
1579
1819
1565
1580
1820
1566
1581
1821
1567
1582
1822
1583
1823
1569
1584
1824
1570
1585
1825
1571
1586
1826
1572
1587
1827
1573
1588
1828
1574
1589
1829
1575
1590
1830
1576
1591
1831
1577
1592
1832
1578
1593
1833
1579
1594
1834
1580
1595
1835
1581
1596
1836
1582
1597
1837
1583
1598
1838
1599
1839
1585
1600
1840
1586
1601
1841
1587
1602
1842
1588
1603
1843
1589
1604
1844
1590
1605
1845
1591
1606
1846
1592
1607
1847
1593
1608
1848
1594
1609
1849
1595
1610
1850
1596
1611
1851
1597
1612
1852
1598
1613
1853
1599
1614
1854
1615
1855
1601
1616
1856
1602
1617
1857
1603
1618
1858
1604
1619
1859
1605
1620
1860
1606
1621
1861
1607
1622
1862
1608
1623
1863
1609
1624
1864
1610
1625
1865
1611
1626
1866
1612
1627
1867
1613
1628
1868
1614
1629
1869
1615
1630
1870
1631
1871
1617
1632
1872
1618
1633
1873
1619
1634
1874
1620
1635
1875
1621
1636
1876
1622
1637
1877
1623
1638
1878
1624
1639
1879
1625
1640
1880
1626
1641
1881
1627
1642
1882
1628
1643
1883
1629
1644
1884
1630
1645
1885
1631
1646
1886
1647
1887
1633
1648
1888
1634
1649
1889
1635
1650
1890
1636
1651
1891
1637
1652
1892
1638
1653
1893
1639
1654
1894
1640
1655
1895
1641
1656
1896
1642
1657
1897
1643
1658
1898
1644
1659
1899
1645
1660
1900
1646
1661
1901
1647
1662
1902
1663
1903
1649
1664
1904
1650
1665
1905
1651
1666
1906
1652
1667
1907
1653
1668
1908
1654
1669
1909
1655
1670
1910
1656
1671
1911
1657
1672
1912
1658
1673
1913
1659
1674
1914
1660
1675
1915
1661
1676
1916
1662
1677
1917
1663
1678
1918
1679
1919
1665
1680
1920
1666
1681
1921
1667
1682
1922
1668
1683
1923
1669
1684
1924
1670
1685
1925
1671
1686
1926
1672
1687
1927
1673
1688
1928
1674
1689
1929
1675
1690
1930
1676
1691
1931
1677
1692
1932
1678
1693
1933
1679
1694
1934
1695
1935
1681
1696
1936
1682
1697
1937
1683
1698
1938
1684
1699
1939
1685
1700
1940
1686
1701
1941
1687
1702
1942
1688
1703
1943
1689
1704
1944
1690
1705
1945
1691
1706
1946
1692
1707
1947
1693
1708
1948
1694
1709
1949
1695
1710
1950
1711
1951
1697
1712
1952
1698
1713
1953
1699
1714
1954
1700
1715
1955
1701
1716
1956
1702
1717
1957
1703
1718
1958
1704
1719
1959
1705
1720
1960
1706
1721
1961
1707
1722
1962
1708
1723
1963
1709
1724
1964
1710
1725
1965
1711
1726
1966
1727
1967
1713
1728
1968
1714
1729
1969
1715
1730
1970
1716
1731
1971
1717
1732
1972
1718
1733
1973
1719
1734
1974
1720
1735
1975
1721
1736
1976
1722
1737
1977
1723
1738
1978
1724
1739
1979
1725
1740
1980
1726
1741
1981
1727
1742
1982
1743
1983
1729
1744
1984
1730
1745
1985
1731
1746
1986
1732
1747
1987
1733
1748
1988
1734
1749
1989
1735
1750
1990
1736
1751
1991
1737
1752
1992
1738
1753
1993
1739
1754
1994
1740
1755
1995
1741
1756
1996
1742
1757
1997
1743
1758
1998
1759
1999
1745
1760
2000
1746
1761
2001
1747
1762
2002
1748
1763
2003
1749
1764
2004
1750
1765
2005
1751
1766
2006
1752
1767
2007
1753
1768
2008
1754
1769
2009
1755
1770
2010
1756
1771
2011
1757
1772
2012
1758
1773
2013
1759
1774
2014
1775
2015
1761
1776
2016
1762
1777
2017
1763
1778
2018
1764
1779
2019
1765
1780
2020
1766
1781
2021
1767
1782
2022
1768
1783
2023
1769
1784
2024
1770
1785
2025
1771
1786
2026
1772
1787
2027
1773
1788
2028
1774
1789
2029
1775
1790
2030
1791
2031
1777
2032
1778
2033
1779
2034
1780
2035
1781
2036
1782
2037
1783
2038
1784
2039
1785
2040
1786
2041
1787
2042
1788
2043
1789
2044
1790
2045
1791
2046
2047
1793
1808
2048
1794
1809
2049
1795
1810
2050
1796
1811
2051
1797
1812
2052
1798
1813
2053
1799
1814
2054
1800
1815
2055
1801
1816
2056
1802
1817
2057
1803
1818
2058
1804
1819
2059
1805
1820
2060
1806
1821
2061
1807
1822
2062
1823
2063
1809
1824
2064
1810
1825
2065
1811
1826
2066
1812
1827
2067
1813
1828
2068
1814
1829
2069
1815
1830
2070
1816
1831
2071
1817
1832
2072
1818
1833
2073
1819
1834
2074
1820
1835
2075
1821
1836
2076
1822
1837
2077
1823
1838
2078
1839
2079
1825
1840
2080
1826
1841
2081
1827
1842
2082
1828
1843
2083
1829
1844
2084
1830
1845
2085
1831
1846
2086
1832
1847
2087
1833
1848
2088
1834
1849
2089
1835
1850
2090
1836
1851
2091
1837
1852
2092
1838
1853
2093
1839
1854
2094
1855
2095
1841
1856
2096
1842
1857
2097
1843
1858
2098
1844
1859
2099
1845
1860
2100
1846
1861
2101
1847
1862
2102
1848
1863
2103
1849
1864
2104
1850
1865
2105
1851
1866
2106
1852
1867
2107
1853
1868
2108
1854
1869
2109
1855
1870
2110
1871
2111
1857
1872
2112
1858
1873
2113
1859
1874
2114
1860
1875
2115
1861
1876
2116
1862
1877
2117
1863
1878
2118
1864
1879
2119
1865
1880
2120
1866
1881
2121
1867
1882
2122
1868
1883
2123
1869
1884
2124
1870
1885
2125
1871
1886
2126
1887
2127
1873
1888
2128
1874
1889
2129
1875
1890
2130
1876
1891
2131
1877
1892
2132
1878
1893
2133
1879
1894
2134
1880
1895
2135
1881
1896
2136
1882
1897
2137
1883
1898
2138
1884
1899
2139
1885
1900
2140
1886
1901
2141
1887
1902
2142
1903
2143
1889
1904
2144
1890
1905
2145
1891
1906
2146
1892
1907
2147
1893
1908
2148
1894
1909
2149
1895
1910
2150
1896
1911
2151
1897
1912
2152
1898
1913
2153
1899
1914
2154
1900
1915
2155
1901
1916
2156
1902
1917
2157
1903
1918
2158
1919
2159
1905
1920
2160
1906
1921
2161
1907
1922
2162
1908
1923
2163
1909
1924
2164
1910
1925
2165
1911
1926
2166
1912
1927
2167
1913
1928
2168
1914
1929
2169
1915
1930
2170
1916
1931
2171
1917
1932
2172
1918
1933
2173
1919
1934
2174
1935
2175
1921
1936
2176
1922
1937
2177
1923
1938
2178
1924
1939
2179
1925
1940
2180
1926
1941
2181
1927
1942
2182
1928
1943
2183
1929
1944
2184
1930
1945
2185
1931
1946
2186
1932
1947
2187
1933
1948
2188
1934
1949
2189
1935
1950
2190
1951
2191
1937
1952
2192
1938
1953
2193
1939
1954
2194
1940
1955
2195
1941
1956
2196
1942
1957
2197
1943
1958
2198
1944
1959
2199
1945
1960
2200
1946
1961
2201
1947
1962
2202
1948
1963
2203
1949
1964
2204
1950
1965
2205
1951
1966
2206
1967
2207
1953
1968
2208
1954
1969
2209
1955
1970
2210
1956
1971
2211
1957
1972
2212
1958
1973
2213
1959
1974
2214
1960
1975
2215
1961
1976
2216
1962
1977
2217
1963
1978
2218
1964
1979
2219
1965
1980
2220
1966
1981
2221
1967
1982
2222
1983
2223
1969
1984
2224
1970
1985
2225
1971
1986
2226
1972
1987
2227
1973
1988
2228
1974
1989
2229
1975
1990
2230
1976
1991
2231
1977
1992
2232
1978
1993
2233
1979
1994
2234
1980
1995
2235
1981
1996
2236
1982
1997
2237
1983
1998
2238
1999
2239
1985
2000
2240
1986
2001
2241
1987
2002
2242
1988
2003
2243
1989
2004
2244
1990
2005
2245
1991
2006
2246
1992
2007
2247
1993
2008
2248
1994
2009
2249
1995
2010
2250
1996
2011
2251
1997
2012
2252
1998
2013
2253
1999
2014
2254
2015
2255
2001
2016
2256
2002
2017
2257
2003
2018
2258
2004
2019
2259
2005
2020
2260
2006
2021
2261
2007
2022
2262
2008
2023
2263
2009
2024
2264
2010
2025
2265
2011
2026
2266
2012
2027
2267
2013
2028
2268
2014
2029
2269
2015
2030
2270
2031
2271
2017
2032
2272
2018
2033
2273
2019
2034
2274
2020
2035
2275
2021
2036
2276
2022
2037
2277
2023
2038
2278
2024
2039
2279
2025
2040
2280
2026
2041
2281
2027
2042
2282
2028
2043
2283
2029
2044
2284
2030
2045
2285
2031
2046
2286
2047
2287
2033
2288
2034
2289
2035
2290
2036
2291
2037
2292
2038
2293
2039
2294
2040
2295
2041
2296
2042
2297
2043
2298
2044
2299
2045
2300
2046
2301
2047
2302
2303
2049
2064
2304
2050
2065
2305
2051
2066
2306
2052
2067
2307
2053
2068
2308
2054
2069
2309
2055
2070
2310
2056
2071
2311
2057
2072
2312
2058
2073
2313
2059
2074
2314
2060
2075
2315
2061
2076
2316
2062
2077
2317
2063
2078
2318
2079
2319
2065
2080
2320
2066
2081
2321
2067
2082
2322
2068
2083
2323
2069
2084
2324
2070
2085
2325
2071
2086
2326
2072
2087
2327
2073
2088
2328
2074
2089
2329
2075
2090
2330
2076
2091
2331
2077
2092
2332
2078
2093
2333
2079
2094
2334
2095
2335
2081
2096
2336
2082
2097
2337
2083
2098
2338
2084
2099
2339
2085
2100
2340
2086
2101
2341
2087
2102
2342
2088
2103
2343
2089
2104
2344
2090
2105
2345
2091
2106
2346
2092
2107
2347
2093
2108
2348
2094
2109
2349
2095
2110
2350
2111
2351
2097
2112
2352
2098
2113
2353
2099
2114
2354
2100
2115
2355
2101
2116
2356
2102
2117
2357
2103
2118
2358
2104
2119
2359
2105
2120
2360
2106
2121
2361
2107
2122
2362
2108
2123
2363
2109
2124
2364
2110
2125
2365
2111
2126
2366
2127
2367
2113
2128
2368
2114
2129
2369
2115
2130
2370
2116
2131
2371
2117
2132
2372
2118
2133
2373
2119
2134
2374
2120
2135
2375
2121
2136
2376
2122
2137
2377
2123
2138
2378
2124
2139
2379
2125
2140
2380
2126
2141
2381
2127
2142
2382
2143
2383
2129
2144
2384
2130
2145
2385
2131
2146
2386
2132
2147
2387
2133
2148
2388
2134
2149
2389
2135
2150
2390
2136
2151
2391
2137
2152
2392
2138
2153
2393
2139
2154
2394
2140
2155
2395
2141
2156
2396
2142
2157
2397
2143
2158
2398
2159
2399
2145
2160
2400
2146
2161
2401
2147
2162
2402
2148
2163
2403
2149
2164
2404
2150
2165
2405
2151
2166
2406
2152
2167
2407
2153
2168
2408
2154
2169
2409
2155
2170
2410
2156
2171
2411
2157
2172
2412
2158
2173
2413
2159
2174
2414
2175
2415
2161
2176
2416
2162
2177
2417
2163
2178
2418
2164
2179
2419
2165
2180
2420
2166
2181
2421
2167
2182
2422
2168
2183
2423
2169
2184
2424
2170
2185
2425
2171
2186
2426
2172
2187
2427
2173
2188
2428
2174
2189
2429
2175
2190
2430
2191
2431
2177
2192
2432
2178
2193
2433
2179
2194
2434
2180
2195
2435
2181
2196
2436
2182
2197
2437
2183
2198
2438
2184
2199
2439
2185
2200
2440
2186
2201
2441
2187
2202
2442
2188
2203
2443
2189
2204
2444
2190
2205
2445
2191
2206
2446
2207
2447
2193
2208
2448
2194
2209
2449
2195
2210
2450
2196
2211
2451
2197
2212
2452
2198
2213
2453
2199
2214
2454
2200
2215
2455
2201
2216
2456
2202
2217
2457
2203
2218
2458
2204
2219
2459
2205
2220
2460
2206
2221
2461
2207
2222
2462
2223
2463
2209
2224
2464
2210
2225
2465
2211
2226
2466
2212
2227
2467
2213
2228
2468
2214
2229
2469
2215
2230
2470
2216
2231
2471
2217
2232
2472
2218
2233
2473
2219
2234
2474
2220
2235
2475
2221
2236
2476
2222
2237
2477
2223
2238
2478
2239
2479
2225
2240
2480
2226
2241
2481
2227
2242
2482
2228
2243
2483
2229
2244
2484
2230
2245
2485
2231
2246
2486
2232
2247
2487
2233
2248
2488
2234
2249
2489
2235
2250
2490
2236
2251
2491
2237
2252
2492
2238
2253
2493
2239
2254
2494
2255
2495
2241
2256
2496
2242
2257
2497
2243
2258
2498
2244
2259
2499
2245
2260
2500
2246
2261
2501
2247
2262
2502
2248
2263
2503
2249
2264
2504
2250
2265
2505
2251
2266
2506
2252
2267
2507
2253
2268
2508
2254
2269
2509
2255
2270
2510
2271
2511
2257
2272
2512
2258
2273
2513
2259
2274
2514
2260
2275
2515
2261
2276
2516
2262
2277
2517
2263
2278
2518
2264
2279
2519
2265
2280
2520
2266
2281
2521
2267
2282
2522
2268
2283
2523
2269
2284
2524
2270
2285
2525
2271
2286
2526
2287
2527
2273
2288
2528
2274
2289
2529
2275
2290
2530
2276
2291
2531
2277
2292
2532
2278
2293
2533
2279
2294
2534
2280
2295
2535
2281
2296
2536
2282
2297
2537
2283
2298
2538
2284
2299
2539
2285
2300
2540
2286
2301
2541
2287
2302
2542
2303
2543
2289
2544
2290
2545
2291
2546
2292
2547
2293
2548
2294
2549
2295
2550
2296
2551
2297
2552
2298
2553
2299
2554
2300
2555
2301
2556
2302
2557
2303
2558
2559
2305
2320
2560
2306
2321
2561
2307
2322
2562
2308
2323
2563
2309
2324
2564
2310
2325
2565
2311
2326
2566
2312
2327
2567
2313
2328
2568
2314
2329
2569
2315
2330
2570
2316
2331
2571
2317
2332
2572
2318
2333
2573
2319
2334
2574
2335
2575
2321
2336
2576
2322
2337
2577
2323
2338
2578
2324
2339
2579
2325
2340
2580
2326
2341
2581
2327
2342
2582
2328
2343
2583
2329
2344
2584
2330
2345
2585
2331
2346
2586
2332
2347
2587
2333
2348
2588
2334
2349
2589
2335
2350
2590
2351
2591
2337
2352
2592
2338
2353
2593
2339
2354
2594
2340
2355
2595
2341
2356
2596
2342
2357
2597
2343
2358
2598
2344
2359
2599
2345
2360
2600
2346
2361
2601
2347
2362
2602
2348
2363
2603
2349
2364
2604
2350
2365
2605
2351
2366
2606
2367
2607
2353
2368
2608
2354
2369
2609
2355
2370
2610
2356
2371
2611
2357
2372
2612
2358
2373
2613
2359
2374
2614
2360
2375
2615
2361
2376
2616
2362
2377
2617
2363
2378
2618
2364
2379
2619
2365
2380
2620
2366
2381
2621
2367
2382
2622
2383
2623
2369
2384
2624
2370
2385
2625
2371
2386
2626
2372
2387
2627
2373
2388
2628
2374
2389
2629
2375
2390
2630
2376
2391
2631
2377
2392
2632
2378
2393
2633
2379
2394
2634
2380
2395
2635
2381
2396
2636
2382
2397
2637
2383
2398
2638
2399
2639
2385
2400
2640
2386
2401
2641
2387
2402
2642
2388
2403
2643
2389
2404
2644
2390
2405
2645
2391
2406
2646
2392
2407
2647
2393
2408
2648
2394
2409
2649
2395
2410
2650
2396
2411
2651
2397
2412
2652
2398
2413
2653
2399
2414
2654
2415
2655
2401
2416
2656
2402
2417
2657
2403
2418
2658
2404
2419
2659
2405
2420
2660
2406
2421
2661
2407
2422
2662
2408
2423
2663
2409
2424
2664
2410
2425
2665
2411
2426
2666
2412
2427
2667
2413
2428
2668
2414
2429
2669
2415
2430
2670
2431
2671
2417
2432
2672
2418
2433
2673
2419
2434
2674
2420
2435
2675
2421
2436
2676
2422
2437
2677
2423
2438
2678
2424
2439
2679
2425
2440
2680
2426
2441
2681
2427
2442
2682
2428
2443
2683
2429
2444
2684
2430
2445
2685
2431
2446
2686
2447
2687
2433
2448
2688
2434
2449
2689
2435
2450
2690
2436
2451
2691
2437
2452
2692
2438
2453
2693
2439
2454
2694
2440
2455
2695
2441
2456
2696
2442
2457
2697
2443
2458
2698
2444
2459
2699
2445
2460
2700
2446
2461
2701
2447
2462
2702
2463
2703
2449
2464
2704
2450
2465
2705
2451
2466
2706
2452
2467
2707
2453
2468
2708
2454
2469
2709
2455
2470
2710
2456
2471
2711
2457
2472
2712
2458
2473
2713
2459
2474
2714
2460
2475
2715
2461
2476
2716
2462
2477
2717
2463
2478
2718
2479
2719
2465
2480
2720
2466
2481
2721
2467
2482
2722
2468
2483
2723
2469
2484
2724
2470
2485
2725
2471
2486
2726
2472
2487
2727
2473
2488
2728
2474
2489
2729
2475
2490
2730
2476
2491
2731
2477
2492
2732
2478
2493
2733
2479
2494
2734
2495
2735
2481
2496
2736
2482
2497
2737
2483
2498
2738
2484
2499
2739
2485
2500
2740
2486
2501
2741
2487
2502
2742
2488
2503
2743
2489
2504
2744
2490
2505
2745
2491
2506
2746
2492
2507
2747
2493
2508
2748
2494
2509
2749
2495
2510
2750
2511
2751
2497
2512
2752
2498
2513
2753
2499
2514
2754
2500
2515
2755
2501
2516
2756
2502
2517
2757
2503
2518
2758
2504
2519
2759
2505
2520
2760
2506
2521
2761
2507
2522
2762
2508
2523
2763
2509
2524
2764
2510
2525
2765
2511
2526
2766
2527
2767
2513
2528
2768
2514
2529
2769
2515
2530
2770
2516
2531
2771
2517
2532
2772
2518
2533
2773
2519
2534
2774
2520
2535
2775
2521
2536
2776
2522
2537
2777
2523
2538
2778
2524
2539
2779
2525
2540
2780
2526
2541
2781
2527
2542
2782
2543
2783
2529
2544
2784
2530
2545
2785
2531
2546
2786
2532
2547
2787
2533
2548
2788
2534
2549
2789
2535
2550
2790
2536
2551
2791
2537
2552
2792
2538
2553
2793
2539
2554
2794
2540
2555
2795
2541
2556
2796
2542
2557
2797
2543
2558
2798
2559
2799
2545
2800
2546
2801
2547
2802
2548
2803
2549
2804
2550
2805
2551
2806
2552
2807
2553
2808
2554
2809
2555
2810
2556
2811
2557
2812
2558
2813
2559
2814
2815
2561
2576
2816
2562
2577
2817
2563
2578
2818
2564
2579
2819
2565
2580
2820
2566
2581
2821
2567
2582
2822
2568
2583
2823
2569
2584
2824
2570
2585
2825
2571
2586
2826
2572
2587
2827
2573
2588
2828
2574
2589
2829
2575
2590
2830
2591
2831
2577
2592
2832
2578
2593
2833
2579
2594
2834
2580
2595
2835
2581
2596
2836
2582
2597
2837
2583
2598
2838
2584
2599
2839
2585
2600
2840
2586
2601
2841
2587
2602
2842
2588
2603
2843
2589
2604
2844
2590
2605
2845
2591
2606
2846
2607
2847
2593
2608
2848
2594
2609
2849
2595
2610
2850
2596
2611
2851
2597
2612
2852
2598
2613
2853
2599
2614
2854
2600
2615
2855
2601
2616
2856
2602
2617
2857
2603
2618
2858
2604
2619
2859
2605
2620
2860
2606
2621
2861
2607
2622
2862
2623
2863
2609
2624
2864
2610
2625
2865
2611
2626
2866
2612
2627
2867
2613
2628
2868
2614
2629
2869
2615
2630
2870
2616
2631
2871
2617
2632
2872
2618
2633
2873
2619
2634
2874
2620
2635
2875
2621
2636
2876
2622
2637
2877
2623
2638
2878
2639
2879
2625
2640
2880
2626
2641
2881
2627
2642
2882
2628
2643
2883
2629
2644
2884
2630
2645
2885
2631
2646
2886
2632
2647
2887
2633
2648
2888
2634
2649
2889
2635
2650
2890
2636
2651
2891
2637
2652
2892
2638
2653
2893
2639
2654
2894
2655
2895
2641
2656
2896
2642
2657
2897
2643
2658
2898
2644
2659
2899
2645
2660
2900
2646
2661
2901
2647
2662
2902
2648
2663
2903
2649
2664
2904
2650
2665
2905
2651
2666
2906
2652
2667
2907
2653
2668
2908
2654
2669
2909
2655
2670
2910
2671
2911
2657
2672
2912
2658
2673
2913
2659
2674
2914
2660
2675
2915
2661
2676
2916
2662
2677
2917
2663
2678
2918
2664
2679
2919
2665
2680
2920
2666
2681
2921
2667
2682
2922
2668
2683
2923
2669
2684
2924
2670
2685
2925
2671
2686
2926
2687
2927
2673
2688
2928
2674
2689
2929
2675
2690
2930
2676
2691
2931
2677
2692
2932
2678
2693
2933
2679
2694
2934
2680
2695
2935
2681
2696
2936
2682
2697
2937
2683
2698
2938
2684
2699
2939
2685
2700
2940
2686
2701
2941
2687
2702
2942
2703
2943
2689
2704
2944
2690
2705
2945
2691
2706
2946
2692
2707
2947
2693
2708
2948
2694
2709
2949
2695
2710
2950
2696
2711
2951
2697
2712
2952
2698
2713
2953
2699
2714
2954
2700
2715
2955
2701
2716
2956
2702
2717
2957
2703
2718
2958
2719
2959
2705
2720
2960
2706
2721
2961
2707
2722
2962
2708
2723
2963
2709
2724
2964
2710
2725
2965
2711
2726
2966
2712
2727
2967
2713
2728
2968
2714
2729
2969
2715
2730
2970
2716
2731
2971
2717
2732
2972
2718
2733
2973
2719
2734
2974
2735
2975
2721
2736
2976
2722
2737
2977
2723
2738
2978
2724
2739
2979
2725
2740
2980
2726
2741
2981
2727
2742
2982
2728
2743
2983
2729
2744
2984
2730
2745
2985
2731
2746
2986
2732
2747
2987
2733
2748
2988
2734
2749
2989
2735
2750
2990
2751
2991
2737
2752
2992
2738
2753
2993
2739
2754
2994
2740
2755
2995
2741
2756
2996
2742
2757
2997
2743
2758
2998
2744
2759
2999
2745
2760
3000
2746
2761
3001
2747
2762
3002
2748
2763
3003
2749
2764
3004
2750
2765
3005
2751
2766
3006
2767
3007
2753
2768
3008
2754
2769
3009
2755
2770
3010
2756
2771
3011
2757
2772
3012
2758
2773
3013
2759
2774
3014
2760
2775
3015
2761
2776
3016
2762
2777
3017
2763
2778
3018
2764
2779
3019
2765
2780
3020
2766
2781
3021
2767
2782
3022
2783
3023
2769
2784
3024
2770
2785
3025
2771
2786
3026
2772
2787
3027
2773
2788
3028
2774
2789
3029
2775
2790
3030
2776
2791
3031
2777
2792
3032
2778
2793
3033
2779
2794
3034
2780
2795
3035
2781
2796
3036
2782
2797
3037
2783
2798
3038
2799
3039
2785
2800
3040
2786
2801
3041
2787
2802
3042
2788
2803
3043
2789
2804
3044
2790
2805
3045
2791
2806
3046
2792
2807
3047
2793
2808
3048
2794
2809
3049
2795
2810
3050
2796
2811
3051
2797
2812
3052
2798
2813
3053
2799
2814
3054
2815
3055
2801
3056
2802
3057
2803
3058
2804
3059
2805
3060
2806
3061
2807
3062
2808
3063
2809
3064
2810
3065
2811
3066
2812
3067
2813
3068
2814
3069
2815
3070
3071
2817
2832
3072
2818
2833
3073
2819
2834
3074
2820
2835
3075
2821
2836
3076
2822
2837
3077
2823
2838
3078
2824
2839
3079
2825
2840
3080
2826
2841
3081
2827
2842
3082
2828
2843
3083
2829
2844
3084
2830
2845
3085
2831
2846
3086
2847
3087
2833
2848
3088
2834
2849
3089
2835
2850
3090
2836
2851
3091
2837
2852
3092
2838
2853
3093
2839
2854
3094
2840
2855
3095
2841
2856
3096
2842
2857
3097
2843
2858
3098
2844
2859
3099
2845
2860
3100
2846
2861
3101
2847
2862
3102
2863
3103
2849
2864
3104
2850
2865
3105
2851
2866
3106
2852
2867
3107
2853
2868
3108
2854
2869
3109
2855
2870
3110
2856
2871
3111
2857
2872
3112
2858
2873
3113
2859
2874
3114
2860
2875
3115
2861
2876
3116
2862
2877
3117
2863
2878
3118
2879
3119
2865
2880
3120
2866
2881
3121
2867
2882
3122
2868
2883
3123
2869
2884
3124
2870
2885
3125
2871
2886
3126
2872
2887
3127
2873
2888
3128
2874
2889
3129
2875
2890
3130
2876
2891
3131
2877
2892
3132
2878
2893
3133
2879
2894
3134
2895
3135
2881
2896
3136
2882
2897
3137
2883
2898
3138
2884
2899
3139
2885
2900
3140
2886
2901
3141
2887
2902
3142
2888
2903
3143
2889
2904
3144
2890
2905
3145
2891
2906
3146
2892
2907
3147
2893
2908
3148
2894
2909
3149
2895
2910
3150
2911
3151
2897
2912
3152
2898
2913
3153
2899
2914
3154
2900
2915
3155
2901
2916
3156
2902
2917
3157
2903
2918
3158
2904
2919
3159
2905
2920
3160
2906
2921
3161
2907
2922
3162
2908
2923
3163
2909
2924
3164
2910
2925
3165
2911
2926
3166
2927
3167
2913
2928
3168
2914
2929
3169
2915
2930
3170
2916
2931
3171
2917
2932
3172
2918
2933
3173
2919
2934
3174
2920
2935
3175
2921
2936
3176
2922
2937
3177
2923
2938
3178
2924
2939
3179
2925
2940
3180
2926
2941
3181
2927
2942
3182
2943
3183
2929
2944
3184
2930
2945
3185
2931
2946
3186
2932
2947
3187
2933
2948
3188
2934
2949
3189
2935
2950
3190
2936
2951
3191
2937
2952
3192
2938
2953
3193
2939
2954
3194
2940
2955
3195
2941
2956
3196
2942
2957
3197
2943
2958
3198
2959
3199
2945
2960
3200
2946
2961
3201
2947
2962
3202
2948
2963
3203
2949
2964
3204
2950
2965
3205
2951
2966
3206
2952
2967
3207
2953
2968
3208
2954
2969
3209
2955
2970
3210
2956
2971
3211
2957
2972
3212
2958
2973
3213
2959
2974
3214
2975
3215
2961
2976
3216
2962
2977
3217
2963
2978
3218
2964
2979
3219
2965
2980
3220
2966
2981
3221
2967
2982
3222
2968
2983
3223
2969
2984
3224
2970
2985
3225
2971
2986
3226
2972
2987
3227
2973
2988
3228
2974
2989
3229
2975
2990
3230
2991
3231
2977
2992
3232
2978
2993
3233
2979
2994
3234
2980
2995
3235
2981
2996
3236
2982
2997
3237
2983
2998
3238
2984
2999
3239
2985
3000
3240
2986
3001
3241
2987
3002
3242
2988
3003
3243
2989
3004
3244
2990
3005
3245
2991
3006
3246
3007
3247
2993
3008
3248
2994
3009
3249
2995
3010
3250
2996
3011
3251
2997
3012
3252
2998
3013
3253
2999
3014
3254
3000
3015
3255
3001
3016
3256
3002
3017
3257
3003
3018
3258
3004
3019
3259
3005
3020
3260
3006
3021
3261
3007
3022
3262
3023
3263
3009
3024
3264
3010
3025
3265
3011
3026
3266
3012
3027
3267
3013
3028
3268
3014
3029
3269
3015
3030
3270
3016
3031
3271
3017
3032
3272
3018
3033
3273
3019
3034
3274
3020
3035
3275
3021
3036
3276
3022
3037
3277
3023
3038
3278
3039
3279
3025
3040
3280
3026
3041
3281
3027
3042
3282
3028
3043
3283
3029
3044
3284
3030
3045
3285
3031
3046
3286
3032
3047
3287
3033
3048
3288
3034
3049
3289
3035
3050
3290
3036
3051
3291
3037
3052
3292
3038
3053
3293
3039
3054
3294
3055
3295
3041
3056
3296
3042
3057
3297
3043
3058
3298
3044
3059
3299
3045
3060
3300
3046
3061
3301
3047
3062
3302
3048
3063
3303
3049
3064
3304
3050
3065
3305
3051
3066
3306
3052
3067
3307
3053
3068
3308
3054
3069
3309
3055
3070
3310
3071
3311
3057
3312
3058
3313
3059
3314
3060
3315
3061
3316
3062
3317
3063
3318
3064
3319
3065
3320
3066
3321
3067
3322
3068
3323
3069
3324
3070
3325
3071
3326
3327
3073
3088
3328
3074
3089
3329
3075
3090
3330
3076
3091
3331
3077
3092
3332
3078
3093
3333
3079
3094
3334
3080
3095
3335
3081
3096
3336
3082
3097
3337
3083
3098
3338
3084
3099
3339
3085
3100
3340
3086
3101
3341
3087
3102
3342
3103
3343
3089
3104
3344
3090
3105
3345
3091
3106
3346
3092
3107
3347
3093
3108
3348
3094
3109
3349
3095
3110
3350
3096
3111
3351
3097
3112
3352
3098
3113
3353
3099
3114
3354
3100
3115
3355
3101
3116
3356
3102
3117
3357
3103
3118
3358
3119
3359
3105
3120
3360
3106
3121
3361
3107
3122
3362
3108
3123
3363
3109
3124
3364
3110
3125
3365
3111
3126
3366
3112
3127
3367
3113
3128
3368
3114
3129
3369
3115
3130
3370
3116
3131
3371
3117
3132
3372
3118
3133
3373
3119
3134
3374
3135
3375
3121
3136
3376
3122
3137
3377
3123
3138
3378
3124
3139
3379
3125
3140
3380
3126
3141
3381
3127
3142
3382
3128
3143
3383
3129
3144
3384
3130
3145
3385
3131
3146
3386
3132
3147
3387
3133
3148
3388
3134
3149
3389
3135
3150
3390
3151
3391
3137
3152
3392
3138
3153
3393
3139
3154
3394
3140
3155
3395
3141
3156
3396
3142
3157
3397
3143
3158
3398
3144
3159
3399
3145
3160
3400
3146
3161
3401
3147
3162
3402
3148
3163
3403
3149
3164
3404
3150
3165
3405
3151
3166
3406
3167
3407
3153
3168
3408
3154
3169
3409
3155
3170
3410
3156
3171
3411
3157
3172
3412
3158
3173
3413
3159
3174
3414
3160
3175
3415
3161
3176
3416
3162
3177
3417
3163
3178
3418
3164
3179
3419
3165
3180
3420
3166
3181
3421
3167
3182
3422
3183
3423
3169
3184
3424
3170
3185
3425
3171
3186
3426
3172
3187
3427
3173
3188
3428
3174
3189
3429
3175
3190
3430
3176
3191
3431
3177
3192
3432
3178
3193
3433
3179
3194
3434
3180
3195
3435
3181
3196
3436
3182
3197
3437
3183
3198
3438
3199
3439
3185
3200
3440
3186
3201
3441
3187
3202
3442
3188
3203
3443
3189
3204
3444
3190
3205
3445
3191
3206
3446
3192
3207
3447
3193
3208
3448
3194
3209
3449
3195
3210
3450
3196
3211
3451
3197
3212
3452
3198
3213
3453
3199
3214
3454
3215
3455
3201
3216
3456
3202
3217
3457
3203
3218
3458
3204
3219
3459
3205
3220
3460
3206
3221
3461
3207
3222
3462
3208
3223
3463
3209
3224
3464
3210
3225
3465
3211
3226
3466
3212
3227
3467
3213
3228
3468
3214
3229
3469
3215
3230
3470
3231
3471
3217
3232
3472
3218
3233
3473
3219
3234
3474
3220
3235
3475
3221
3236
3476
3222
3237
3477
3223
3238
3478
3224
3239
3479
3225
3240
3480
3226
3241
3481
3227
3242
3482
3228
3243
3483
3229
3244
3484
3230
3245
3485
3231
3246
3486
3247
3487
3233
3248
3488
3234
3249
3489
3235
3250
3490
3236
3251
3491
3237
3252
3492
3238
3253
3493
3239
3254
3494
3240
3255
3495
3241
3256
3496
3242
3257
3497
3243
3258
3498
3244
3259
3499
3245
3260
3500
3246
3261
3501
3247
3262
3502
3263
3503
3249
3264
3504
3250
3265
3505
3251
3266
3506
3252
3267
3507
3253
3268
3508
3254
3269
3509
3255
3270
3510
3256
3271
3511
3257
3272
3512
3258
3273
3513
3259
3274
3514
3260
3275
3515
3261
3276
3516
3262
3277
3517
3263
3278
3518
3279
3519
3265
3280
3520
3266
3281
3521
3267
3282
3522
3268
3283
3523
3269
3284
3524
3270
3285
3525
3271
3286
3526
3272
3287
3527
3273
3288
3528
3274
3289
3529
3275
3290
3530
3276
3291
3531
3277
3292
3532
3278
3293
3533
3279
3294
3534
3295
3535
3281
3296
3536
3282
3297
3537
3283
3298
3538
3284
3299
3539
3285
3300
3540
3286
3301
3541
3287
3302
3542
3288
3303
3543
3289
3304
3544
3290
3305
3545
3291
3306
3546
3292
3307
3547
3293
3308
3548
3294
3309
3549
3295
3310
3550
3311
3551
3297
3312
3552
3298
3313
3553
3299
3314
3554
3300
3315
3555
3301
3316
3556
3302
3317
3557
3303
3318
3558
3304
3319
3559
3305
3320
3560
3306
3321
3561
3307
3322
3562
3308
3323
3563
3309
3324
3564
3310
3325
3565
3311
3326
3566
3327
3567
3313
3568
3314
3569
3315
3570
3316
3571
3317
3572
3318
3573
3319
3574
3320
3575
3321
3576
3322
3577
3323
3578
3324
3579
3325
3580
3326
3581
3327
3582
3583
3329
3344
3584
3330
3345
3585
3331
3346
3586
3332
3347
3587
3333
3348
3588
3334
3349
3589
3335
3350
3590
3336
3351
3591
3337
3352
3592
3338
3353
3593
3339
3354
3594
3340
3355
3595
3341
3356
3596
3342
3357
3597
3343
3358
3598
3359
3599
3345
3360
3600
3346
3361
3601
3347
3362
3602
3348
3363
3603
3349
3364
3604
3350
3365
3605
3351
3366
3606
3352
3367
3607
3353
3368
3608
3354
3369
3609
3355
3370
3610
3356
3371
3611
3357
3372
3612
3358
3373
3613
3359
3374
3614
3375
3615
3361
3376
3616
3362
3377
3617
3363
3378
3618
3364
3379
3619
3365
3380
3620
3366
3381
3621
3367
3382
3622
3368
3383
3623
3369
3384
3624
3370
3385
3625
3371
3386
3626
3372
3387
3627
3373
3388
3628
3374
3389
3629
3375
3390
3630
3391
3631
3377
3392
3632
3378
3393
3633
3379
3394
3634
3380
3395
3635
3381
3396
3636
3382
3397
3637
3383
3398
3638
3384
3399
3639
3385
3400
3640
3386
3401
3641
3387
3402
3642
3388
3403
3643
3389
3404
3644
3390
3405
3645
3391
3406
3646
3407
3647
3393
3408
3648
3394
3409
3649
3395
3410
3650
3396
3411
3651
3397
3412
3652
3398
3413
3653
3399
3414
3654
3400
3415
3655
3401
3416
3656
3402
3417
3657
3403
3418
3658
3404
3419
3659
3405
3420
3660
3406
3421
3661
3407
3422
3662
3423
3663
3409
3424
3664
3410
3425
3665
3411
3426
3666
3412
3427
3667
3413
3428
3668
3414
3429
3669
3415
3430
3670
3416
3431
3671
3417
3432
3672
3418
3433
3673
3419
3434
3674
3420
3435
3675
3421
3436
3676
3422
3437
3677
3423
3438
3678
3439
3679
3425
3440
3680
3426
3441
3681
3427
3442
3682
3428
3443
3683
3429
3444
3684
3430
3445
3685
3431
3446
3686
3432
3447
3687
3433
3448
3688
3434
3449
3689
3435
3450
3690
3436
3451
3691
3437
3452
3692
3438
3453
3693
3439
3454
3694
3455
3695
3441
3456
3696
3442
3457
3697
3443
3458
3698
3444
3459
3699
3445
3460
3700
3446
3461
3701
3447
3462
3702
3448
3463
3703
3449
3464
3704
3450
3465
3705
3451
3466
3706
3452
3467
3707
3453
3468
3708
3454
3469
3709
3455
3470
3710
3471
3711
3457
3472
3712
3458
3473
3713
3459
3474
3714
3460
3475
3715
3461
3476
3716
3462
3477
3717
3463
3478
3718
3464
3479
3719
3465
3480
3720
3466
3481
3721
3467
3482
3722
3468
3483
3723
3469
3484
3724
3470
3485
3725
3471
3486
3726
3487
3727
3473
3488
3728
3474
3489
3729
3475
3490
3730
3476
3491
3731
3477
3492
3732
3478
3493
3733
3479
3494
3734
3480
3495
3735
3481
3496
3736
3482
3497
3737
3483
3498
3738
3484
3499
3739
3485
3500
3740
3486
3501
3741
3487
3502
3742
3503
3743
3489
3504
3744
3490
3505
3745
3491
3506
3746
3492
3507
3747
3493
3508
3748
3494
3509
3749
3495
3510
3750
3496
3511
3751
3497
3512
3752
3498
3513
3753
3499
3514
3754
3500
3515
3755
3501
3516
3756
3502
3517
3757
3503
3518
3758
3519
3759
3505
3520
3760
3506
3521
3761
3507
3522
3762
3508
3523
3763
3509
3524
3764
3510
3525
3765
3511
3526
3766
3512
3527
3767
3513
3528
3768
3514
3529
3769
3515
3530
3770
3516
3531
3771
3517
3532
3772
3518
3533
3773
3519
3534
3774
3535
3775
3521
3536
3776
3522
3537
3777
3523
3538
3778
3524
3539
3779
3525
3540
3780
3526
3541
3781
3527
3542
3782
3528
3543
3783
3529
3544
3784
3530
3545
3785
3531
3546
3786
3532
3547
3787
3533
3548
3788
3534
3549
3789
3535
3550
3790
3551
3791
3537
3552
3792
3538
3553
3793
3539
3554
3794
3540
3555
3795
3541
3556
3796
3542
3557
3797
3543
3558
3798
3544
3559
3799
3545
3560
3800
3546
3561
3801
3547
3562
3802
3548
3563
3803
3549
3564
3804
3550
3565
3805
3551
3566
3806
3567
3807
3553
3568
3808
3554
3569
3809
3555
3570
3810
3556
3571
3811
3557
3572
3812
3558
3573
3813
3559
3574
3814
3560
3575
3815
3561
3576
3816
3562
3577
3817
3563
3578
3818
3564
3579
3819
3565
3580
3820
3566
3581
3821
3567
3582
3822
3583
3823
3569
3824
3570
3825
3571
3826
3572
3827
3573
3828
3574
3829
3575
3830
3576
3831
3577
3832
3578
3833
3579
3834
3580
3835
3581
3836
3582
3837
3583
3838
3839
3585
3600
3840
3586
3601
3841
3587
3602
3842
3588
3603
3843
3589
3604
3844
3590
3605
3845
3591
3606
3846
3592
3607
3847
3593
3608
3848
3594
3609
3849
3595
3610
3850
3596
3611
3851
3597
3612
3852
3598
3613
3853
3599
3614
3854
3615
3855
3601
3616
3856
3602
3617
3857
3603
3618
3858
3604
3619
3859
3605
3620
3860
3606
3621
3861
3607
3622
3862
3608
3623
3863
3609
3624
3864
3610
3625
3865
3611
3626
3866
3612
3627
3867
3613
3628
3868
3614
3629
3869
3615
3630
3870
3631
3871
3617
3632
3872
3618
3633
3873
3619
3634
3874
3620
3635
3875
3621
3636
3876
3622
3637
3877
3623
3638
3878
3624
3639
3879
3625
3640
3880
3626
3641
3881
3627
3642
3882
3628
3643
3883
3629
3644
3884
3630
3645
3885
3631
3646
3886
3647
3887
3633
3648
3888
3634
3649
3889
3635
3650
3890
3636
3651
3891
3637
3652
3892
3638
3653
3893
3639
3654
3894
3640
3655
3895
3641
3656
3896
3642
3657
3897
3643
3658
3898
3644
3659
3899
3645
3660
3900
3646
3661
3901
3647
3662
3902
3663
3903
3649
3664
3904
3650
3665
3905
3651
3666
3906
3652
3667
3907
3653
3668
3908
3654
3669
3909
3655
3670
3910
3656
3671
3911
3657
3672
3912
3658
3673
3913
3659
3674
3914
3660
3675
3915
3661
3676
3916
3662
3677
3917
3663
3678
3918
3679
3919
3665
3680
3920
3666
3681
3921
3667
3682
3922
3668
3683
3923
3669
3684
3924
3670
3685
3925
3671
3686
3926
3672
3687
3927
3673
3688
3928
3674
3689
3929
3675
3690
3930
3676
3691
3931
3677
3692
3932
3678
3693
3933
3679
3694
3934
3695
3935
3681
3696
3936
3682
3697
3937
3683
3698
3938
3684
3699
3939
3685
3700
3940
3686
3701
3941
3687
3702
3942
3688
3703
3943
3689
3704
3944
3690
3705
3945
3691
3706
3946
3692
3707
3947
3693
3708
3948
3694
3709
3949
3695
3710
3950
3711
3951
3697
3712
3952
3698
3713
3953
3699
3714
3954
3700
3715
3955
3701
3716
3956
3702
3717
3957
3703
3718
3958
3704
3719
3959
3705
3720
3960
3706
3721
3961
3707
3722
3962
3708
3723
3963
3709
3724
3964
3710
3725
3965
3711
3726
3966
3727
3967
3713
3728
3968
3714
3729
3969
3715
3730
3970
3716
3731
3971
3717
3732
3972
3718
3733
3973
3719
3734
3974
3720
3735
3975
3721
3736
3976
3722
3737
3977
3723
3738
3978
3724
3739
3979
3725
3740
3980
3726
3741
3981
3727
3742
3982
3743
3983
3729
3744
3984
3730
3745
3985
3731
3746
3986
3732
3747
3987
3733
3748
3988
3734
3749
3989
3735
3750
3990
3736
3751
3991
3737
3752
3992
3738
3753
3993
3739
3754
3994
3740
3755
3995
3741
3756
3996
3742
3757
3997
3743
3758
3998
3759
3999
3745
3760
4000
3746
3761
4001
3747
3762
4002
3748
3763
4003
3749
3764
4004
3750
3765
4005
3751
3766
4006
3752
3767
4007
3753
3768
4008
3754
3769
4009
3755
3770
4010
3756
3771
4011
3757
3772
4012
3758
3773
4013
3759
3774
4014
3775
4015
3761
3776
4016
3762
3777
4017
3763
3778
4018
3764
3779
4019
3765
3780
4020
3766
3781
4021
3767
3782
4022
3768
3783
4023
3769
3784
4024
3770
3785
4025
3771
3786
4026
3772
3787
4027
3773
3788
4028
3774
3789
4029
3775
3790
4030
3791
4031
3777
3792
4032
3778
3793
4033
3779
3794
4034
3780
3795
4035
3781
3796
4036
3782
3797
4037
3783
3798
4038
3784
3799
4039
3785
3800
4040
3786
3801
4041
3787
3802
4042
3788
3803
4043
3789
3804
4044
3790
3805
4045
3791
3806
4046
3807
4047
3793
3808
4048
3794
3809
4049
3795
3810
4050
3796
3811
4051
3797
3812
4052
3798
3813
4053
3799
3814
4054
3800
3815
4055
3801
3816
4056
3802
3817
4057
3803
3818
4058
3804
3819
4059
3805
3820
4060
3806
3821
4061
3807
3822
4062
3823
4063
3809
3824
4064
3810
3825
4065
3811
3826
4066
3812
3827
4067
3813
3828
4068
3814
3829
4069
3815
3830
4070
3816
3831
4071
3817
3832
4072
3818
3833
4073
3819
3834
4074
3820
3835
4075
3821
3836
4076
3822
3837
4077
3823
3838
4078
3839
4079
3825
4080
3826
4081
3827
4082
3828
4083
3829
4084
3830
4085
3831
4086
3832
4087
3833
4088
3834
4089
3835
4090
3836
4091
3837
4092
3838
4093
3839
4094
4095
3841
3856
4096
3842
3857
4097
3843
3858
4098
3844
3859
4099
3845
3860
4100
3846
3861
4101
3847
3862
4102
3848
3863
4103
3849
3864
4104
3850
3865
4105
3851
3866
4106
3852
3867
4107
3853
3868
4108
3854
3869
4109
3855
3870
4110
3871
4111
3857
3872
4112
3858
3873
4113
3859
3874
4114
3860
3875
4115
3861
3876
4116
3862
3877
4117
3863
3878
4118
3864
3879
4119
3865
3880
4120
3866
3881
4121
3867
3882
4122
3868
3883
4123
3869
3884
4124
3870
3885
4125
3871
3886
4126
3887
4127
3873
3888
4128
3874
3889
4129
3875
3890
4130
3876
3891
4131
3877
3892
4132
3878
3893
4133
3879
3894
4134
3880
3895
4135
3881
3896
4136
3882
3897
4137
3883
3898
4138
3884
3899
4139
3885
3900
4140
3886
3901
4141
3887
3902
4142
3903
4143
3889
3904
4144
3890
3905
4145
3891
3906
4146
3892
3907
4147
3893
3908
4148
3894
3909
4149
3895
3910
4150
3896
3911
4151
3897
3912
4152
3898
3913
4153
3899
3914
4154
3900
3915
4155
3901
3916
4156
3902
3917
4157
3903
3918
4158
3919
4159
3905
3920
4160
3906
3921
4161
3907
3922
4162
3908
3923
4163
3909
3924
4164
3910
3925
4165
3911
3926
4166
3912
3927
4167
3913
3928
4168
3914
3929
4169
3915
3930
4170
3916
3931
4171
3917
3932
4172
3918
3933
4173
3919
3934
4174
3935
4175
3921
3936
4176
3922
3937
4177
3923
3938
4178
3924
3939
4179
3925
3940
4180
3926
3941
4181
3927
3942
4182
3928
3943
4183
3929
3944
4184
3930
3945
4185
3931
3946
4186
3932
3947
4187
3933
3948
4188
3934
3949
4189
3935
3950
4190
3951
4191
3937
3952
4192
3938
3953
4193
3939
3954
4194
3940
3955
4195
3941
3956
4196
3942
3957
4197
3943
3958
4198
3944
3959
4199
3945
3960
4200
3946
3961
4201
3947
3962
4202
3948
3963
4203
3949
3964
4204
3950
3965
4205
3951
3966
4206
3967
4207
3953
3968
4208
3954
3969
4209
3955
3970
4210
3956
3971
4211
3957
3972
4212
3958
3973
4213
3959
3974
4214
3960
3975
4215
3961
3976
4216
3962
3977
4217
3963
3978
4218
3964
3979
4219
3965
3980
4220
3966
3981
4221
3967
3982
4222
3983
4223
3969
3984
4224
3970
3985
4225
3971
3986
4226
3972
3987
4227
3973
3988
4228
3974
3989
4229
3975
3990
4230
3976
3991
4231
3977
3992
4232
3978
3993
4233
3979
3994
4234
3980
3995
4235
3981
3996
4236
3982
3997
4237
3983
3998
4238
3999
4239
3985
4000
4240
3986
4001
4241
3987
4002
4242
3988
4003
4243
3989
4004
4244
3990
4005
4245
3991
4006
4246
3992
4007
4247
3993
4008
4248
3994
4009
4249
3995
4010
4250
3996
4011
4251
3997
4012
4252
3998
4013
4253
3999
4014
4254
4015
4255
4001
4016
4256
4002
4017
4257
4003
4018
4258
4004
4019
4259
4005
4020
4260
4006
4021
4261
4007
4022
4262
4008
4023
4263
4009
4024
4264
4010
4025
4265
4011
4026
4266
4012
4027
4267
4013
4028
4268
4014
4029
4269
4015
4030
4270
4031
4271
4017
4032
4272
4018
4033
4273
4019
4034
4274
4020
4035
4275
4021
4036
4276
4022
4037
4277
4023
4038
4278
4024
4039
4279
4025
4040
4280
4026
4041
4281
4027
4042
4282
4028
4043
4283
4029
4044
4284
4030
4045
4285
4031
4046
4286
4047
4287
4033
4048
4288
4034
4049
4289
4035
4050
4290
4036
4051
4291
4037
4052
4292
4038
4053
4293
4039
4054
4294
4040
4055
4295
4041
4056
4296
4042
4057
4297
4043
4058
4298
4044
4059
4299
4045
4060
4300
4046
4061
4301
4047
4062
4302
4063
4303
4049
4064
4304
4050
4065
4305
4051
4066
4306
4052
4067
4307
4053
4068
4308
4054
4069
4309
4055
4070
4310
4056
4071
4311
4057
4072
4312
4058
4073
4313
4059
4074
4314
4060
4075
4315
4061
4076
4316
4062
4077
4317
4063
4078
4318
4079
4319
4065
4080
4320
4066
4081
4321
4067
4082
4322
4068
4083
4323
4069
4084
4324
4070
4085
4325
4071
4086
4326
4072
4087
4327
4073
4088
4328
4074
4089
4329
4075
4090
4330
4076
4091
4331
4077
4092
4332
4078
4093
4333
4079
4094
4334
4095
4335
4081
4336
4082
4337
4083
4338
4084
4339
4085
4340
4086
4341
4087
4342
4088
4343
4089
4344
4090
4345
4091
4346
4092
4347
4093
4348
4094
4349
4095
4350
4351
4097
4112
4352
4098
4113
4353
4099
4114
4354
4100
4115
4355
4101
4116
4356
4102
4117
4357
4103
4118
4358
4104
4119
4359
4105
4120
4360
4106
4121
4361
4107
4122
4362
4108
4123
4363
4109
4124
4364
4110
4125
4365
4111
4126
4366
4127
4367
4113
4128
4368
4114
4129
4369
4115
4130
4370
4116
4131
4371
4117
4132
4372
4118
4133
4373
4119
4134
4374
4120
4135
4375
4121
4136
4376
4122
4137
4377
4123
4138
4378
4124
4139
4379
4125
4140
4380
4126
4141
4381
4127
4142
4382
4143
4383
4129
4144
4384
4130
4145
4385
4131
4146
4386
4132
4147
4387
4133
4148
4388
4134
4149
4389
4135
4150
4390
4136
4151
4391
4137
4152
4392
4138
4153
4393
4139
4154
4394
4140
4155
4395
4141
4156
4396
4142
4157
4397
4143
4158
4398
4159
4399
4145
4160
4400
4146
4161
4401
4147
4162
4402
4148
4163
4403
4149
4164
4404
4150
4165
4405
4151
4166
4406
4152
4167
4407
4153
4168
4408
4154
4169
4409
4155
4170
4410
4156
4171
4411
4157
4172
4412
4158
4173
4413
4159
4174
4414
4175
4415
4161
4176
4416
4162
4177
4417
4163
4178
4418
4164
4179
4419
4165
4180
4420
4166
4181
4421
4167
4182
4422
4168
4183
4423
4169
4184
4424
4170
4185
4425
4171
4186
4426
4172
4187
4427
4173
4188
4428
4174
4189
4429
4175
4190
4430
4191
4431
4177
4192
4432
4178
4193
4433
4179
4194
4434
4180
4195
4435
4181
4196
4436
4182
4197
4437
4183
4198
4438
4184
4199
4439
4185
4200
4440
4186
4201
4441
4187
4202
4442
4188
4203
4443
4189
4204
4444
4190
4205
4445
4191
4206
4446
4207
4447
4193
4208
4448
4194
4209
4449
4195
4210
4450
4196
4211
4451
4197
4212
4452
4198
4213
4453
4199
4214
4454
4200
4215
4455
4201
4216
4456
4202
4217
4457
4203
4218
4458
4204
4219
4459
4205
4220
4460
4206
4221
4461
4207
4222
4462
4223
4463
4209
4224
4464
4210
4225
4465
4211
4226
4466
4212
4227
4467
4213
4228
4468
4214
4229
4469
4215
4230
4470
4216
4231
4471
4217
4232
4472
4218
4233
4473
4219
4234
4474
4220
4235
4475
4221
4236
4476
4222
4237
4477
4223
4238
4478
4239
4479
4225
4240
4480
4226
4241
4481
4227
4242
4482
4228
4243
4483
4229
4244
4484
4230
4245
4485
4231
4246
4486
4232
4247
4487
4233
4248
4488
4234
4249
4489
4235
4250
4490
4236
4251
4491
4237
4252
4492
4238
4253
4493
4239
4254
4494
4255
4495
4241
4256
4496
4242
4257
4497
4243
4258
4498
4244
4259
4499
4245
4260
4500
4246
4261
4501
4247
4262
4502
4248
4263
4503
4249
4264
4504
4250
4265
4505
4251
4266
4506
4252
4267
4507
4253
4268
4508
4254
4269
4509
4255
4270
4510
4271
4511
4257
4272
4512
4258
4273
4513
4259
4274
4514
4260
4275
4515
4261
4276
4516
4262
4277
4517
4263
4278
4518
4264
4279
4519
4265
4280
4520
4266
4281
4521
4267
4282
4522
4268
4283
4523
4269
4284
4524
4270
4285
4525
4271
4286
4526
4287
4527
4273
4288
4528
4274
4289
4529
4275
4290
4530
4276
4291
4531
4277
4292
4532
4278
4293
4533
4279
4294
4534
4280
4295
4535
4281
4296
4536
4282
4297
4537
4283
4298
4538
4284
4299
4539
4285
4300
4540
4286
4301
4541
4287
4302
4542
4303
4543
4289
4304
4544
4290
4305
4545
4291
4306
4546
4292
4307
4547
4293
4308
4548
4294
4309
4549
4295
4310
4550
4296
4311
4551
4297
4312
4552
4298
4313
4553
4299
4314
4554
4300
4315
4555
4301
4316
4556
4302
4317
4557
4303
4318
4558
4319
4559
4305
4320
4560
4306
4321
4561
4307
4322
4562
4308
4323
4563
4309
4324
4564
4310
4325
4565
4311
4326
4566
4312
4327
4567
4313
4328
4568
4314
4329
4569
4315
4330
4570
4316
4331
4571
4317
4332
4572
4318
4333
4573
4319
4334
4574
4335
4575
4321
4336
4576
4322
4337
4577
4323
4338
4578
4324
4339
4579
4325
4340
4580
4326
4341
4581
4327
4342
4582
4328
4343
4583
4329
4344
4584
4330
4345
4585
4331
4346
4586
4332
4347
4587
4333
4348
4588
4334
4349
4589
4335
4350
4590
4351
4591
4337
4592
4338
4593
4339
4594
4340
4595
4341
4596
4342
4597
4343
4598
4344
4599
4345
4600
4346
4601
4347
4602
4348
4603
4349
4604
4350
4605
4351
4606
4607
4353
4368
4608
4354
4369
4609
4355
4370
4610
4356
4371
4611
4357
4372
4612
4358
4373
4613
4359
4374
4614
4360
4375
4615
4361
4376
4616
4362
4377
4617
4363
4378
4618
4364
4379
4619
4365
4380
4620
4366
4381
4621
4367
4382
4622
4383
4623
4369
4384
4624
4370
4385
4625
4371
4386
4626
4372
4387
4627
4373
4388
4628
4374
4389
4629
4375
4390
4630
4376
4391
4631
4377
4392
4632
4378
4393
4633
4379
4394
4634
4380
4395
4635
4381
4396
4636
4382
4397
4637
4383
4398
4638
4399
4639
4385
4400
4640
4386
4401
4641
4387
4402
4642
4388
4403
4643
4389
4404
4644
4390
4405
4645
4391
4406
4646
4392
4407
4647
4393
4408
4648
4394
4409
4649
4395
4410
4650
4396
4411
4651
4397
4412
4652
4398
4413
4653
4399
4414
4654
4415
4655
4401
4416
4656
4402
4417
4657
4403
4418
4658
4404
4419
4659
4405
4420
4660
4406
4421
4661
4407
4422
4662
4408
4423
4663
4409
4424
4664
4410
4425
4665
4411
4426
4666
4412
4427
4667
4413
4428
4668
4414
4429
4669
4415
4430
4670
4431
4671
4417
4432
4672
4418
4433
4673
4419
4434
4674
4420
4435
4675
4421
4436
4676
4422
4437
4677
4423
4438
4678
4424
4439
4679
4425
4440
4680
4426
4441
4681
4427
4442
4682
4428
4443
4683
4429
4444
4684
4430
4445
4685
4431
4446
4686
4447
4687
4433
4448
4688
4434
4449
4689
4435
4450
4690
4436
4451
4691
4437
4452
4692
4438
4453
4693
4439
4454
4694
4440
4455
4695
4441
4456
4696
4442
4457
4697
4443
4458
4698
4444
4459
4699
4445
4460
4700
4446
4461
4701
4447
4462
4702
4463
4703
4449
4464
4704
4450
4465
4705
4451
4466
4706
4452
4467
4707
4453
4468
4708
4454
4469
4709
4455
4470
4710
4456
4471
4711
4457
4472
4712
4458
4473
4713
4459
4474
4714
4460
4475
4715
4461
4476
4716
4462
4477
4717
4463
4478
4718
4479
4719
4465
4480
4720
4466
4481
4721
4467
4482
4722
4468
4483
4723
4469
4484
4724
4470
4485
4725
4471
4486
4726
4472
4487
4727
4473
4488
4728
4474
4489
4729
4475
4490
4730
4476
4491
4731
4477
4492
4732
4478
4493
4733
4479
4494
4734
4495
4735
4481
4496
4736
4482
4497
4737
4483
4498
4738
4484
4499
4739
4485
4500
4740
4486
4501
4741
4487
4502
4742
4488
4503
4743
4489
4504
4744
4490
4505
4745
4491
4506
4746
4492
4507
4747
4493
4508
4748
4494
4509
4749
4495
4510
4750
4511
4751
4497
4512
4752
4498
4513
4753
4499
4514
4754
4500
4515
4755
4501
4516
4756
4502
4517
4757
4503
4518
4758
4504
4519
4759
4505
4520
4760
4506
4521
4761
4507
4522
4762
4508
4523
4763
4509
4524
4764
4510
4525
4765
4511
4526
4766
4527
4767
4513
4528
4768
4514
4529
4769
4515
4530
4770
4516
4531
4771
4517
4532
4772
4518
4533
4773
4519
4534
4774
4520
4535
4775
4521
4536
4776
4522
4537
4777
4523
4538
4778
4524
4539
4779
4525
4540
4780
4526
4541
4781
4527
4542
4782
4543
4783
4529
4544
4784
4530
4545
4785
4531
4546
4786
4532
4547
4787
4533
4548
4788
4534
4549
4789
4535
4550
4790
4536
4551
4791
4537
4552
4792
4538
4553
4793
4539
4554
4794
4540
4555
4795
4541
4556
4796
4542
4557
4797
4543
4558
4798
4559
4799
4545
4560
4800
4546
4561
4801
4547
4562
4802
4548
4563
4803
4549
4564
4804
4550
4565
4805
4551
4566
4806
4552
4567
4807
4553
4568
4808
4554
4569
4809
4555
4570
4810
4556
4571
4811
4557
4572
4812
4558
4573
4813
4559
4574
4814
4575
4815
4561
4576
4816
4562
4577
4817
4563
4578
4818
4564
4579
4819
4565
4580
4820
4566
4581
4821
4567
4582
4822
4568
4583
4823
4569
4584
4824
4570
4585
4825
4571
4586
4826
4572
4587
4827
4573
4588
4828
4574
4589
4829
4575
4590
4830
4591
4831
4577
4592
4832
4578
4593
4833
4579
4594
4834
4580
4595
4835
4581
4596
4836
4582
4597
4837
4583
4598
4838
4584
4599
4839
4585
4600
4840
4586
4601
4841
4587
4602
4842
4588
4603
4843
4589
4604
4844
4590
4605
4845
4591
4606
4846
4607
4847
4593
4848
4594
4849
4595
4850
4596
4851
4597
4852
4598
4853
4599
4854
4600
4855
4601
4856
4602
4857
4603
4858
4604
4859
4605
4860
4606
4861
4607
4862
4863
4609
4624
4864
4610
4625
4865
4611
4626
4866
4612
4627
4867
4613
4628
4868
4614
4629
4869
4615
4630
4870
4616
4631
4871
4617
4632
4872
4618
4633
4873
4619
4634
4874
4620
4635
4875
4621
4636
4876
4622
4637
4877
4623
4638
4878
4639
4879
4625
4640
4880
4626
4641
4881
4627
4642
4882
4628
4643
4883
4629
4644
4884
4630
4645
4885
4631
4646
4886
4632
4647
4887
4633
4648
4888
4634
4649
4889
4635
4650
4890
4636
4651
4891
4637
4652
4892
4638
4653
4893
4639
4654
4894
4655
4895
4641
4656
4896
4642
4657
4897
4643
4658
4898
4644
4659
4899
4645
4660
4900
4646
4661
4901
4647
4662
4902
4648
4663
4903
4649
4664
4904
4650
4665
4905
4651
4666
4906
4652
4667
4907
4653
4668
4908
4654
4669
4909
4655
4670
4910
4671
4911
4657
4672
4912
4658
4673
4913
4659
4674
4914
4660
4675
4915
4661
4676
4916
4662
4677
4917
4663
4678
4918
4664
4679
4919
4665
4680
4920
4666
4681
4921
4667
4682
4922
4668
4683
4923
4669
4684
4924
4670
4685
4925
4671
4686
4926
4687
4927
4673
4688
4928
4674
4689
4929
4675
4690
4930
4676
4691
4931
4677
4692
4932
4678
4693
4933
4679
4694
4934
4680
4695
4935
4681
4696
4936
4682
4697
4937
4683
4698
4938
4684
4699
4939
4685
4700
4940
4686
4701
4941
4687
4702
4942
4703
4943
4689
4704
4944
4690
4705
4945
4691
4706
4946
4692
4707
4947
4693
4708
4948
4694
4709
4949
4695
4710
4950
4696
4711
4951
4697
4712
4952
4698
4713
4953
4699
4714
4954
4700
4715
4955
4701
4716
4956
4702
4717
4957
4703
4718
4958
4719
4959
4705
4720
4960
4706
4721
4961
4707
4722
4962
4708
4723
4963
4709
4724
4964
4710
4725
4965
4711
4726
4966
4712
4727
4967
4713
4728
4968
4714
4729
4969
4715
4730
4970
4716
4731
4971
4717
4732
4972
4718
4733
4973
4719
4734
4974
4735
4975
4721
4736
4976
4722
4737
4977
4723
4738
4978
4724
4739
4979
4725
4740
4980
4726
4741
4981
4727
4742
4982
4728
4743
4983
4729
4744
4984
4730
4745
4985
4731
4746
4986
4732
4747
4987
4733
4748
4988
4734
4749
4989
4735
4750
4990
4751
4991
4737
4752
4992
4738
4753
4993
4739
4754
4994
4740
4755
4995
4741
4756
4996
4742
4757
4997
4743
4758
4998
4744
4759
4999
4745
4760
5000
4746
4761
5001
4747
4762
5002
4748
4763
5003
4749
4764
5004
4750
4765
5005
4751
4766
5006
4767
5007
4753
4768
5008
4754
4769
5009
4755
4770
5010
4756
4771
5011
4757
4772
5012
4758
4773
5013
4759
4774
5014
4760
4775
5015
4761
4776
5016
4762
4777
5017
4763
4778
5018
4764
4779
5019
4765
4780
5020
4766
4781
5021
4767
4782
5022
4783
5023
4769
4784
5024
4770
4785
5025
4771
4786
5026
4772
4787
5027
4773
4788
5028
4774
4789
5029
4775
4790
5030
4776
4791
5031
4777
4792
5032
4778
4793
5033
4779
4794
5034
4780
4795
5035
4781
4796
5036
4782
4797
5037
4783
4798
5038
4799
5039
4785
4800
5040
4786
4801
5041
4787
4802
5042
4788
4803
5043
4789
4804
5044
4790
4805
5045
4791
4806
5046
4792
4807
5047
4793
4808
5048
4794
4809
5049
4795
4810
5050
4796
4811
5051
4797
4812
5052
4798
4813
5053
4799
4814
5054
4815
5055
4801
4816
5056
4802
4817
5057
4803
4818
5058
4804
4819
5059
4805
4820
5060
4806
4821
5061
4807
4822
5062
4808
4823
5063
4809
4824
5064
4810
4825
5065
4811
4826
5066
4812
4827
5067
4813
4828
5068
4814
4829
5069
4815
4830
5070
4831
5071
4817
4832
5072
4818
4833
5073
4819
4834
5074
4820
4835
5075
4821
4836
5076
4822
4837
5077
4823
4838
5078
4824
4839
5079
4825
4840
5080
4826
4841
5081
4827
4842
5082
4828
4843
5083
4829
4844
5084
4830
4845
5085
4831
4846
5086
4847
5087
4833
4848
5088
4834
4849
5089
4835
4850
5090
4836
4851
5091
4837
4852
5092
4838
4853
5093
4839
4854
5094
4840
4855
5095
4841
4856
5096
4842
4857
5097
4843
4858
5098
4844
4859
5099
4845
4860
5100
4846
4861
5101
4847
4862
5102
4863
5103
4849
5104
4850
5105
4851
5106
4852
5107
4853
5108
4854
5109
4855
5110
4856
5111
4857
5112
4858
5113
4859
5114
4860
5115
4861
5116
4862
5117
4863
5118
5119
4865
4880
5120
4866
4881
5121
4867
4882
5122
4868
4883
5123
4869
4884
5124
4870
4885
5125
4871
4886
5126
4872
4887
5127
4873
4888
5128
4874
4889
5129
4875
4890
5130
4876
4891
5131
4877
4892
5132
4878
4893
5133
4879
4894
5134
4895
5135
4881
4896
5136
4882
4897
5137
4883
4898
5138
4884
4899
5139
4885
4900
5140
4886
4901
5141
4887
4902
5142
4888
4903
5143
4889
4904
5144
4890
4905
5145
4891
4906
5146
4892
4907
5147
4893
4908
5148
4894
4909
5149
4895
4910
5150
4911
5151
4897
4912
5152
4898
4913
5153
4899
4914
5154
4900
4915
5155
4901
4916
5156
4902
4917
5157
4903
4918
5158
4904
4919
5159
4905
4920
5160
4906
4921
5161
4907
4922
5162
4908
4923
5163
4909
4924
5164
4910
4925
5165
4911
4926
5166
4927
5167
4913
4928
5168
4914
4929
5169
4915
4930
5170
4916
4931
5171
4917
4932
5172
4918
4933
5173
4919
4934
5174
4920
4935
5175
4921
4936
5176
4922
4937
5177
4923
4938
5178
4924
4939
5179
4925
4940
5180
4926
4941
5181
4927
4942
5182
4943
5183
4929
4944
5184
4930
4945
5185
4931
4946
5186
4932
4947
5187
4933
4948
5188
4934
4949
5189
4935
4950
5190
4936
4951
5191
4937
4952
5192
4938
4953
5193
4939
4954
5194
4940
4955
5195
4941
4956
5196
4942
4957
5197
4943
4958
5198
4959
5199
4945
4960
5200
4946
4961
5201
4947
4962
5202
4948
4963
5203
4949
4964
5204
4950
4965
5205
4951
4966
5206
4952
4967
5207
4953
4968
5208
4954
4969
5209
4955
4970
5210
4956
4971
5211
4957
4972
5212
4958
4973
5213
4959
4974
5214
4975
5215
4961
4976
5216
4962
4977
5217
4963
4978
5218
4964
4979
5219
4965
4980
5220
4966
4981
5221
4967
4982
5222
4968
4983
5223
4969
4984
5224
4970
4985
5225
4971
4986
5226
4972
4987
5227
4973
4988
5228
4974
4989
5229
4975
4990
5230
4991
5231
4977
4992
5232
4978
4993
5233
4979
4994
5234
4980
4995
5235
4981
4996
5236
4982
4997
5237
4983
4998
5238
4984
4999
5239
4985
5000
5240
4986
5001
5241
4987
5002
5242
4988
5003
5243
4989
5004
5244
4990
5005
5245
4991
5006
5246
5007
5247
4993
5008
5248
4994
5009
5249
4995
5010
5250
4996
5011
5251
4997
5012
5252
4998
5013
5253
4999
5014
5254
5000
5015
5255
5001
5016
5256
5002
5017
5257
5003
5018
5258
5004
5019
5259
5005
5020
5260
5006
5021
5261
5007
5022
5262
5023
5263
5009
5024
5264
5010
5025
5265
5011
5026
5266
5012
5027
5267
5013
5028
5268
5014
5029
5269
5015
5030
5270
5016
5031
5271
5017
5032
5272
5018
5033
5273
5019
5034
5274
5020
5035
5275
5021
5036
5276
5022
5037
5277
5023
5038
5278
5039
5279
5025
5040
5280
5026
5041
5281
5027
5042
5282
5028
5043
5283
5029
5044
5284
5030
5045
5285
5031
5046
5286
5032
5047
5287
5033
5048
5288
5034
5049
5289
5035
5050
5290
5036
5051
5291
5037
5052
5292
5038
5053
5293
5039
5054
5294
5055
5295
5041
5056
5296
5042
5057
5297
5043
5058
5298
5044
5059
5299
5045
5060
5300
5046
5061
5301
5047
5062
5302
5048
5063
5303
5049
5064
5304
5050
5065
5305
5051
5066
5306
5052
5067
5307
5053
5068
5308
5054
5069
5309
5055
5070
5310
5071
5311
5057
5072
5312
5058
5073
5313
5059
5074
5314
5060
5075
5315
5061
5076
5316
5062
5077
5317
5063
5078
5318
5064
5079
5319
5065
5080
5320
5066
5081
5321
5067
5082
5322
5068
5083
5323
5069
5084
5324
5070
5085
5325
5071
5086
5326
5087
5327
5073
5088
5328
5074
5089
5329
5075
5090
5330
5076
5091
5331
5077
5092
5332
5078
5093
5333
5079
5094
5334
5080
5095
5335
5081
5096
5336
5082
5097
5337
5083
5098
5338
5084
5099
5339
5085
5100
5340
5086
5101
5341
5087
5102
5342
5103
5343
5089
5104
5344
5090
5105
5345
5091
5106
5346
5092
5107
5347
5093
5108
5348
5094
5109
5349
5095
5110
5350
5096
5111
5351
5097
5112
5352
5098
5113
5353
5099
5114
5354
5100
5115
5355
5101
5116
5356
5102
5117
5357
5103
5118
5358
5119
5359
5105
5360
5106
5361
5107
5362
5108
5363
5109
5364
5110
5365
5111
5366
5112
5367
5113
5368
5114
5369
5115
5370
5116
5371
5117
5372
5118
5373
5119
5374
5375
5121
5136
5376
5122
5137
5377
5123
5138
5378
5124
5139
5379
5125
5140
5380
5126
5141
5381
5127
5142
5382
5128
5143
5383
5129
5144
5384
5130
5145
5385
5131
5146
5386
5132
5147
5387
5133
5148
5388
5134
5149
5389
5135
5150
5390
5151
5391
5137
5152
5392
5138
5153
5393
5139
5154
5394
5140
5155
5395
5141
5156
5396
5142
5157
5397
5143
5158
5398
5144
5159
5399
5145
5160
5400
5146
5161
5401
5147
5162
5402
5148
5163
5403
5149
5164
5404
5150
5165
5405
5151
5166
5406
5167
5407
5153
5168
5408
5154
5169
5409
5155
5170
5410
5156
5171
5411
5157
5172
5412
5158
5173
5413
5159
5174
5414
5160
5175
5415
5161
5176
5416
5162
5177
5417
5163
5178
5418
5164
5179
5419
5165
5180
5420
5166
5181
5421
5167
5182
5422
5183
5423
5169
5184
5424
5170
5185
5425
5171
5186
5426
5172
5187
5427
5173
5188
5428
5174
5189
5429
5175
5190
5430
5176
5191
5431
5177
5192
5432
5178
5193
5433
5179
5194
5434
5180
5195
5435
5181
5196
5436
5182
5197
5437
5183
5198
5438
5199
5439
5185
5200
5440
5186
5201
5441
5187
5202
5442
5188
5203
5443
5189
5204
5444
5190
5205
5445
5191
5206
5446
5192
5207
5447
5193
5208
5448
5194
5209
5449
5195
5210
5450
5196
5211
5451
5197
5212
5452
5198
5213
5453
5199
5214
5454
5215
5455
5201
5216
5456
5202
5217
5457
5203
5218
5458
5204
5219
5459
5205
5220
5460
5206
5221
5461
5207
5222
5462
5208
5223
5463
5209
5224
5464
5210
5225
5465
5211
5226
5466
5212
5227
5467
5213
5228
5468
5214
5229
5469
5215
5230
5470
5231
5471
5217
5232
5472
5218
5233
5473
5219
5234
5474
5220
5235
5475
5221
5236
5476
5222
5237
5477
5223
5238
5478
5224
5239
5479
5225
5240
5480
5226
5241
5481
5227
5242
5482
5228
5243
5483
5229
5244
5484
5230
5245
5485
5231
5246
5486
5247
5487
5233
5248
5488
5234
5249
5489
5235
5250
5490
5236
5251
5491
5237
5252
5492
5238
5253
5493
5239
5254
5494
5240
5255
5495
5241
5256
5496
5242
5257
5497
5243
5258
5498
5244
5259
5499
5245
5260
5500
5246
5261
5501
5247
5262
5502
5263
5503
5249
5264
5504
5250
5265
5505
5251
5266
5506
5252
5267
5507
5253
5268
5508
5254
5269
5509
5255
5270
5510
5256
5271
5511
5257
5272
5512
5258
5273
5513
5259
5274
5514
5260
5275
5515
5261
5276
5516
5262
5277
5517
5263
5278
5518
5279
5519
5265
5280
5520
5266
5281
5521
5267
5282
5522
5268
5283
5523
5269
5284
5524
5270
5285
5525
5271
5286
5526
5272
5287
5527
5273
5288
5528
5274
5289
5529
5275
5290
5530
5276
5291
5531
5277
5292
5532
5278
5293
5533
5279
5294
5534
5295
5535
5281
5296
5536
5282
5297
5537
5283
5298
5538
5284
5299
5539
5285
5300
5540
5286
5301
5541
5287
5302
5542
5288
5303
5543
5289
5304
5544
5290
5305
5545
5291
5306
5546
5292
5307
5547
5293
5308
5548
5294
5309
5549
5295
5310
5550
5311
5551
5297
5312
5552
5298
5313
5553
5299
5314
5554
5300
5315
5555
5301
5316
5556
5302
5317
5557
5303
5318
5558
5304
5319
5559
5305
5320
5560
5306
5321
5561
5307
5322
5562
5308
5323
5563
5309
5324
5564
5310
5325
5565
5311
5326
5566
5327
5567
5313
5328
5568
5314
5329
5569
5315
5330
5570
5316
5331
5571
5317
5332
5572
5318
5333
5573
5319
5334
5574
5320
5335
5575
5321
5336
5576
5322
5337
5577
5323
5338
5578
5324
5339
5579
5325
5340
5580
5326
5341
5581
5327
5342
5582
5343
5583
5329
5344
5584
5330
5345
5585
5331
5346
5586
5332
5347
5587
5333
5348
5588
5334
5349
5589
5335
5350
5590
5336
5351
5591
5337
5352
5592
5338
5353
5593
5339
5354
5594
5340
5355
5595
5341
5356
5596
5342
5357
5597
5343
5358
5598
5359
5599
5345
5360
5600
5346
5361
5601
5347
5362
5602
5348
5363
5603
5349
5364
5604
5350
5365
5605
5351
5366
5606
5352
5367
5607
5353
5368
5608
5354
5369
5609
5355
5370
5610
5356
5371
5611
5357
5372
5612
5358
5373
5613
5359
5374
5614
5375
5615
5361
5616
5362
5617
5363
5618
5364
5619
5365
5620
5366
5621
5367
5622
5368
5623
5369
5624
5370
5625
5371
5626
5372
5627
5373
5628
5374
5629
5375
5630
5631
5377
5392
5632
5378
5393
5633
5379
5394
5634
5380
5395
5635
5381
5396
5636
5382
5397
5637
5383
5398
5638
5384
5399
5639
5385
5400
5640
5386
5401
5641
5387
5402
5642
5388
5403
5643
5389
5404
5644
5390
5405
5645
5391
5406
5646
5407
5647
5393
5408
5648
5394
5409
5649
5395
5410
5650
5396
5411
5651
5397
5412
5652
5398
5413
5653
5399
5414
5654
5400
5415
5655
5401
5416
5656
5402
5417
5657
5403
5418
5658
5404
5419
5659
5405
5420
5660
5406
5421
5661
5407
5422
5662
5423
5663
5409
5424
5664
5410
5425
5665
5411
5426
5666
5412
5427
5667
5413
5428
5668
5414
5429
5669
5415
5430
5670
5416
5431
5671
5417
5432
5672
5418
5433
5673
5419
5434
5674
5420
5435
5675
5421
5436
5676
5422
5437
5677
5423
5438
5678
5439
5679
5425
5440
5680
5426
5441
5681
5427
5442
5682
5428
5443
5683
5429
5444
5684
5430
5445
5685
5431
5446
5686
5432
5447
5687
5433
5448
5688
5434
5449
5689
5435
5450
5690
5436
5451
5691
5437
5452
5692
5438
5453
5693
5439
5454
5694
5455
5695
5441
5456
5696
5442
5457
5697
5443
5458
5698
5444
5459
5699
5445
5460
5700
5446
5461
5701
5447
5462
5702
5448
5463
5703
5449
5464
5704
5450
5465
5705
5451
5466
5706
5452
5467
5707
5453
5468
5708
5454
5469
5709
5455
5470
5710
5471
5711
5457
5472
5712
5458
5473
5713
5459
5474
5714
5460
5475
5715
5461
5476
5716
5462
5477
5717
5463
5478
5718
5464
5479
5719
5465
5480
5720
5466
5481
5721
5467
5482
5722
5468
5483
5723
5469
5484
5724
5470
5485
5725
5471
5486
5726
5487
5727
5473
5488
5728
5474
5489
5729
5475
5490
5730
5476
5491
5731
5477
5492
5732
5478
5493
5733
5479
5494
5734
5480
5495
5735
5481
5496
5736
5482
5497
5737
5483
5498
5738
5484
5499
5739
5485
5500
5740
5486
5501
5741
5487
5502
5742
5503
5743
5489
5504
5744
5490
5505
5745
5491
5506
5746
5492
5507
5747
5493
5508
5748
5494
5509
5749
5495
5510
5750
5496
5511
5751
5497
5512
5752
5498
5513
5753
5499
5514
5754
5500
5515
5755
5501
5516
5756
5502
5517
5757
5503
5518
5758
5519
5759
5505
5520
5760
5506
5521
5761
5507
5522
5762
5508
5523
5763
5509
5524
5764
5510
5525
5765
5511
5526
5766
5512
5527
5767
5513
5528
5768
5514
5529
5769
5515
5530
5770
5516
5531
5771
5517
5532
5772
5518
5533
5773
5519
5534
5774
5535
5775
5521
5536
5776
5522
5537
5777
5523
5538
5778
5524
5539
5779
5525
5540
5780
5526
5541
5781
5527
5542
5782
5528
5543
5783
5529
5544
5784
5530
5545
5785
5531
5546
5786
5532
5547
5787
5533
5548
5788
5534
5549
5789
5535
5550
5790
5551
5791
5537
5552
5792
5538
5553
5793
5539
5554
5794
5540
5555
5795
5541
5556
5796
5542
5557
5797
5543
5558
5798
5544
5559
5799
5545
5560
5800
5546
5561
5801
5547
5562
5802
5548
5563
5803
5549
5564
5804
5550
5565
5805
5551
5566
5806
5567
5807
5553
5568
5808
5554
5569
5809
5555
5570
5810
5556
5571
5811
5557
5572
5812
5558
5573
5813
5559
5574
5814
5560
5575
5815
5561
5576
5816
5562
5577
5817
5563
5578
5818
5564
5579
5819
5565
5580
5820
5566
5581
5821
5567
5582
5822
5583
5823
5569
5584
5824
5570
5585
5825
5571
5586
5826
5572
5587
5827
5573
5588
5828
5574
5589
5829
5575
5590
5830
5576
5591
5831
5577
5592
5832
5578
5593
5833
5579
5594
5834
5580
5595
5835
5581
5596
5836
5582
5597
5837
5583
5598
5838
5599
5839
5585
5600
5840
5586
5601
5841
5587
5602
5842
5588
5603
5843
5589
5604
5844
5590
5605
5845
5591
5606
5846
5592
5607
5847
5593
5608
5848
5594
5609
5849
5595
5610
5850
5596
5611
5851
5597
5612
5852
5598
5613
5853
5599
5614
5854
5615
5855
5601
5616
5856
5602
5617
5857
5603
5618
5858
5604
5619
5859
5605
5620
5860
5606
5621
5861
5607
5622
5862
5608
5623
5863
5609
5624
5864
5610
5625
5865
5611
5626
5866
5612
5627
5867
5613
5628
5868
5614
5629
5869
5615
5630
5870
5631
5871
5617
5872
5618
5873
5619
5874
5620
5875
5621
5876
5622
5877
5623
5878
5624
5879
5625
5880
5626
5881
5627
5882
5628
5883
5629
5884
5630
5885
5631
5886
5887
5633
5648
5888
5634
5649
5889
5635
5650
5890
5636
5651
5891
5637
5652
5892
5638
5653
5893
5639
5654
5894
5640
5655
5895
5641
5656
5896
5642
5657
5897
5643
5658
5898
5644
5659
5899
5645
5660
5900
5646
5661
5901
5647
5662
5902
5663
5903
5649
5664
5904
5650
5665
5905
5651
5666
5906
5652
5667
5907
5653
5668
5908
5654
5669
5909
5655
5670
5910
5656
5671
5911
5657
5672
5912
5658
5673
5913
5659
5674
5914
5660
5675
5915
5661
5676
5916
5662
5677
5917
5663
5678
5918
5679
5919
5665
5680
5920
5666
5681
5921
5667
5682
5922
5668
5683
5923
5669
5684
5924
5670
5685
5925
5671
5686
5926
5672
5687
5927
5673
5688
5928
5674
5689
5929
5675
5690
5930
5676
5691
5931
5677
5692
5932
5678
5693
5933
5679
5694
5934
5695
5935
5681
5696
5936
5682
5697
5937
5683
5698
5938
5684
5699
5939
5685
5700
5940
5686
5701
5941
5687
5702
5942
5688
5703
5943
5689
5704
5944
5690
5705
5945
5691
5706
5946
5692
5707
5947
5693
5708
5948
5694
5709
5949
5695
5710
5950
5711
5951
5697
5712
5952
5698
5713
5953
5699
5714
5954
5700
5715
5955
5701
5716
5956
5702
5717
5957
5703
5718
5958
5704
5719
5959
5705
5720
5960
5706
5721
5961
5707
5722
5962
5708
5723
5963
5709
5724
5964
5710
5725
5965
5711
5726
5966
5727
5967
5713
5728
5968
5714
5729
5969
5715
5730
5970
5716
5731
5971
5717
5732
5972
5718
5733
5973
5719
5734
5974
5720
5735
5975
5721
5736
5976
5722
5737
5977
5723
5738
5978
5724
5739
5979
5725
5740
5980
5726
5741
5981
5727
5742
5982
5743
5983
5729
5744
5984
5730
5745
5985
5731
5746
5986
5732
5747
5987
5733
5748
5988
5734
5749
5989
5735
5750
5990
5736
5751
5991
5737
5752
5992
5738
5753
5993
5739
5754
5994
5740
5755
5995
5741
5756
5996
5742
5757
5997
5743
5758
5998
5759
5999
5745
5760
6000
5746
5761
6001
5747
5762
6002
5748
5763
6003
5749
5764
6004
5750
5765
6005
5751
5766
6006
5752
5767
6007
5753
5768
6008
5754
5769
6009
5755
5770
6010
5756
5771
6011
5757
5772
6012
5758
5773
6013
5759
5774
6014
5775
6015
5761
5776
6016
5762
5777
6017
5763
5778
6018
5764
5779
6019
5765
5780
6020
5766
5781
6021
5767
5782
6022
5768
5783
6023
5769
5784
6024
5770
5785
6025
5771
5786
6026
5772
5787
6027
5773
5788
6028
5774
5789
6029
5775
5790
6030
5791
6031
5777
5792
6032
5778
5793
6033
5779
5794
6034
5780
5795
6035
5781
5796
6036
5782
5797
6037
5783
5798
6038
5784
5799
6039
5785
5800
6040
5786
5801
6041
5787
5802
6042
5788
5803
6043
5789
5804
6044
5790
5805
6045
5791
5806
6046
5807
6047
5793
5808
6048
5794
5809
6049
5795
5810
6050
5796
5811
6051
5797
5812
6052
5798
5813
6053
5799
5814
6054
5800
5815
6055
5801
5816
6056
5802
5817
6057
5803
5818
6058
5804
5819
6059
5805
5820
6060
5806
5821
6061
5807
5822
6062
5823
6063
5809
5824
6064
5810
5825
6065
5811
5826
6066
5812
5827
6067
5813
5828
6068
5814
5829
6069
5815
5830
6070
5816
5831
6071
5817
5832
6072
5818
5833
6073
5819
5834
6074
5820
5835
6075
5821
5836
6076
5822
5837
6077
5823
5838
6078
5839
6079
5825
5840
6080
5826
5841
6081
5827
5842
6082
5828
5843
6083
5829
5844
6084
5830
5845
6085
5831
5846
6086
5832
5847
6087
5833
5848
6088
5834
5849
6089
5835
5850
6090
5836
5851
6091
5837
5852
6092
5838
5853
6093
5839
5854
6094
5855
6095
5841
5856
6096
5842
5857
6097
5843
5858
6098
5844
5859
6099
5845
5860
6100
5846
5861
6101
5847
5862
6102
5848
5863
6103
5849
5864
6104
5850
5865
6105
5851
5866
6106
5852
5867
6107
5853
5868
6108
5854
5869
6109
5855
5870
6110
5871
6111
5857
5872
6112
5858
5873
6113
5859
5874
6114
5860
5875
6115
5861
5876
6116
5862
5877
6117
5863
5878
6118
5864
5879
6119
5865
5880
6120
5866
5881
6121
5867
5882
6122
5868
5883
6123
5869
5884
6124
5870
5885
6125
5871
5886
6126
5887
6127
5873
6128
5874
6129
5875
6130
5876
6131
5877
6132
5878
6133
5879
6134
5880
6135
5881
6136
5882
6137
5883
6138
5884
6139
5885
6140
5886
6141
5887
6142
6143
5889
5904
6144
5890
5905
6145
5891
5906
6146
5892
5907
6147
5893
5908
6148
5894
5909
6149
5895
5910
6150
5896
5911
6151
5897
5912
6152
5898
5913
6153
5899
5914
6154
5900
5915
6155
5901
5916
6156
5902
5917
6157
5903
5918
6158
5919
6159
5905
5920
6160
5906
5921
6161
5907
5922
6162
5908
5923
6163
5909
5924
6164
5910
5925
6165
5911
5926
6166
5912
5927
6167
5913
5928
6168
5914
5929
6169
5915
5930
6170
5916
5931
6171
5917
5932
6172
5918
5933
6173
5919
5934
6174
5935
6175
5921
5936
6176
5922
5937
6177
5923
5938
6178
5924
5939
6179
5925
5940
6180
5926
5941
6181
5927
5942
6182
5928
5943
6183
5929
5944
6184
5930
5945
6185
5931
5946
6186
5932
5947
6187
5933
5948
6188
5934
5949
6189
5935
5950
6190
5951
6191
5937
5952
6192
5938
5953
6193
5939
5954
6194
5940
5955
6195
5941
5956
6196
5942
5957
6197
5943
5958
6198
5944
5959
6199
5945
5960
6200
5946
5961
6201
5947
5962
6202
5948
5963
6203
5949
5964
6204
5950
5965
6205
5951
5966
6206
5967
6207
5953
5968
6208
5954
5969
6209
5955
5970
6210
5956
5971
6211
5957
5972
6212
5958
5973
6213
5959
5974
6214
5960
5975
6215
5961
5976
6216
5962
5977
6217
5963
5978
6218
5964
5979
6219
5965
5980
6220
5966
5981
6221
5967
5982
6222
5983
6223
5969
5984
6224
5970
5985
6225
5971
5986
6226
5972
5987
6227
5973
5988
6228
5974
5989
6229
5975
5990
6230
5976
5991
6231
5977
5992
6232
5978
5993
6233
5979
5994
6234
5980
5995
6235
5981
5996
6236
5982
5997
6237
5983
5998
6238
5999
6239
5985
6000
6240
5986
6001
6241
5987
6002
6242
5988
6003
6243
5989
6004
6244
5990
6005
6245
5991
6006
6246
5992
6007
6247
5993
6008
6248
5994
6009
6249
5995
6010
6250
5996
6011
6251
5997
6012
6252
5998
6013
6253
5999
6014
6254
6015
6255
6001
6016
6256
6002
6017
6257
6003
6018
6258
6004
6019
6259
6005
6020
6260
6006
6021
6261
6007
6022
6262
6008
6023
6263
6009
6024
6264
6010
6025
6265
6011
6026
6266
6012
6027
6267
6013
6028
6268
6014
6029
6269
6015
6030
6270
6031
6271
6017
6032
6272
6018
6033
6273
6019
6034
6274
6020
6035
6275
6021
6036
6276
6022
6037
6277
6023
6038
6278
6024
6039
6279
6025
6040
6280
6026
6041
6281
6027
6042
6282
6028
6043
6283
6029
6044
6284
6030
6045
6285
6031
6046
6286
6047
6287
6033
6048
6288
6034
6049
6289
6035
6050
6290
6036
6051
6291
6037
6052
6292
6038
6053
6293
6039
6054
6294
6040
6055
6295
6041
6056
6296
6042
6057
6297
6043
6058
6298
6044
6059
6299
6045
6060
6300
6046
6061
6301
6047
6062
6302
6063
6303
6049
6064
6304
6050
6065
6305
6051
6066
6306
6052
6067
6307
6053
6068
6308
6054
6069
6309
6055
6070
6310
6056
6071
6311
6057
6072
6312
6058
6073
6313
6059
6074
6314
6060
6075
6315
6061
6076
6316
6062
6077
6317
6063
6078
6318
6079
6319
6065
6080
6320
6066
6081
6321
6067
6082
6322
6068
6083
6323
6069
6084
6324
6070
6085
6325
6071
6086
6326
6072
6087
6327
6073
6088
6328
6074
6089
6329
6075
6090
6330
6076
6091
6331
6077
6092
6332
6078
6093
6333
6079
6094
6334
6095
6335
6081
6096
6336
6082
6097
6337
6083
6098
6338
6084
6099
6339
6085
6100
6340
6086
6101
6341
6087
6102
6342
6088
6103
6343
6089
6104
6344
6090
6105
6345
6091
6106
6346
6092
6107
6347
6093
6108
6348
6094
6109
6349
6095
6110
6350
6111
6351
6097
6112
6352
6098
6113
6353
6099
6114
6354
6100
6115
6355
6101
6116
6356
6102
6117
6357
6103
6118
6358
6104
6119
6359
6105
6120
6360
6106
6121
6361
6107
6122
6362
6108
6123
6363
6109
6124
6364
6110
6125
6365
6111
6126
6366
6127
6367
6113
6128
6368
6114
6129
6369
6115
6130
6370
6116
6131
6371
6117
6132
6372
6118
6133
6373
6119
6134
6374
6120
6135
6375
6121
6136
6376
6122
6137
6377
6123
6138
6378
6124
6139
6379
6125
6140
6380
6126
6141
6381
6127
6142
6382
6143
6383
6129
6384
6130
6385
6131
6386
6132
6387
6133
6388
6134
6389
6135
6390
6136
6391
6137
6392
6138
6393
6139
6394
6140
6395
6141
6396
6142
6397
6143
6398
6399
6145
6160
6400
6146
6161
6401
6147
6162
6402
6148
6163
6403
6149
6164
6404
6150
6165
6405
6151
6166
6406
6152
6167
6407
6153
6168
6408
6154
6169
6409
6155
6170
6410
6156
6171
6411
6157
6172
6412
6158
6173
6413
6159
6174
6414
6175
6415
6161
6176
6416
6162
6177
6417
6163
6178
6418
6164
6179
6419
6165
6180
6420
6166
6181
6421
6167
6182
6422
6168
6183
6423
6169
6184
6424
6170
6185
6425
6171
6186
6426
6172
6187
6427
6173
6188
6428
6174
6189
6429
6175
6190
6430
6191
6431
6177
6192
6432
6178
6193
6433
6179
6194
6434
6180
6195
6435
6181
6196
6436
6182
6197
6437
6183
6198
6438
6184
6199
6439
6185
6200
6440
6186
6201
6441
6187
6202
6442
6188
6203
6443
6189
6204
6444
6190
6205
6445
6191
6206
6446
6207
6447
6193
6208
6448
6194
6209
6449
6195
6210
6450
6196
6211
6451
6197
6212
6452
6198
6213
6453
6199
6214
6454
6200
6215
6455
6201
6216
6456
6202
6217
6457
6203
6218
6458
6204
6219
6459
6205
6220
6460
6206
6221
6461
6207
6222
6462
6223
6463
6209
6224
6464
6210
6225
6465
6211
6226
6466
6212
6227
6467
6213
6228
6468
6214
6229
6469
6215
6230
6470
6216
6231
6471
6217
6232
6472
6218
6233
6473
6219
6234
6474
6220
6235
6475
6221
6236
6476
6222
6237
6477
6223
6238
6478
6239
6479
6225
6240
6480
6226
6241
6481
6227
6242
6482
6228
6243
6483
6229
6244
6484
6230
6245
6485
6231
6246
6486
6232
6247
6487
6233
6248
6488
6234
6249
6489
6235
6250
6490
6236
6251
6491
6237
6252
6492
6238
6253
6493
6239
6254
6494
6255
6495
6241
6256
6496
6242
6257
6497
6243
6258
6498
6244
6259
6499
6245
6260
6500
6246
6261
6501
6247
6262
6502
6248
6263
6503
6249
6264
6504
6250
6265
6505
6251
6266
6506
6252
6267
6507
6253
6268
6508
6254
6269
6509
6255
6270
6510
6271
6511
6257
6272
6512
6258
6273
6513
6259
6274
6514
6260
6275
6515
6261
6276
6516
6262
6277
6517
6263
6278
6518
6264
6279
6519
6265
6280
6520
6266
6281
6521
6267
6282
6522
6268
6283
6523
6269
6284
6524
6270
6285
6525
6271
6286
6526
6287
6527
6273
6288
6528
6274
6289
6529
6275
6290
6530
6276
6291
6531
6277
6292
6532
6278
6293
6533
6279
6294
6534
6280
6295
6535
6281
6296
6536
6282
6297
6537
6283
6298
6538
6284
6299
6539
6285
6300
6540
6286
6301
6541
6287
6302
6542
6303
6543
6289
6304
6544
6290
6305
6545
6291
6306
6546
6292
6307
6547
6293
6308
6548
6294
6309
6549
6295
6310
6550
6296
6311
6551
6297
6312
6552
6298
6313
6553
6299
6314
6554
6300
6315
6555
6301
6316
6556
6302
6317
6557
6303
6318
6558
6319
6559
6305
6320
6560
6306
6321
6561
6307
6322
6562
6308
6323
6563
6309
6324
6564
6310
6325
6565
6311
6326
6566
6312
6327
6567
6313
6328
6568
6314
6329
6569
6315
6330
6570
6316
6331
6571
6317
6332
6572
6318
6333
6573
6319
6334
6574
6335
6575
6321
6336
6576
6322
6337
6577
6323
6338
6578
6324
6339
6579
6325
6340
6580
6326
6341
6581
6327
6342
6582
6328
6343
6583
6329
6344
6584
6330
6345
6585
6331
6346
6586
6332
6347
6587
6333
6348
6588
6334
6349
6589
6335
6350
6590
6351
6591
6337
6352
6592
6338
6353
6593
6339
6354
6594
6340
6355
6595
6341
6356
6596
6342
6357
6597
6343
6358
6598
6344
6359
6599
6345
6360
6600
6346
6361
6601
6347
6362
6602
6348
6363
6603
6349
6364
6604
6350
6365
6605
6351
6366
6606
6367
6607
6353
6368
6608
6354
6369
6609
6355
6370
6610
6356
6371
6611
6357
6372
6612
6358
6373
6613
6359
6374
6614
6360
6375
6615
6361
6376
6616
6362
6377
6617
6363
6378
6618
6364
6379
6619
6365
6380
6620
6366
6381
6621
6367
6382
6622
6383
6623
6369
6384
6624
6370
6385
6625
6371
6386
6626
6372
6387
6627
6373
6388
6628
6374
6389
6629
6375
6390
6630
6376
6391
6631
6377
6392
6632
6378
6393
6633
6379
6394
6634
6380
6395
6635
6381
6396
6636
6382
6397
6637
6383
6398
6638
6399
6639
6385
6640
6386
6641
6387
6642
6388
6643
6389
6644
6390
6645
6391
6646
6392
6647
6393
6648
6394
6649
6395
6650
6396
6651
6397
6652
6398
6653
6399
6654
6655
6401
6416
6656
6402
6417
6657
6403
6418
6658
6404
6419
6659
6405
6420
6660
6406
6421
6661
6407
6422
6662
6408
6423
6663
6409
6424
6664
6410
6425
6665
6411
6426
6666
6412
6427
6667
6413
6428
6668
6414
6429
6669
6415
6430
6670
6431
6671
6417
6432
6672
6418
6433
6673
6419
6434
6674
6420
6435
6675
6421
6436
6676
6422
6437
6677
6423
6438
6678
6424
6439
6679
6425
6440
6680
6426
6441
6681
6427
6442
6682
6428
6443
6683
6429
6444
6684
6430
6445
6685
6431
6446
6686
6447
6687
6433
6448
6688
6434
6449
6689
6435
6450
6690
6436
6451
6691
6437
6452
6692
6438
6453
6693
6439
6454
6694
6440
6455
6695
6441
6456
6696
6442
6457
6697
6443
6458
6698
6444
6459
6699
6445
6460
6700
6446
6461
6701
6447
6462
6702
6463
6703
6449
6464
6704
6450
6465
6705
6451
6466
6706
6452
6467
6707
6453
6468
6708
6454
6469
6709
6455
6470
6710
6456
6471
6711
6457
6472
6712
6458
6473
6713
6459
6474
6714
6460
6475
6715
6461
6476
6716
6462
6477
6717
6463
6478
6718
6479
6719
6465
6480
6720
6466
6481
6721
6467
6482
6722
6468
6483
6723
6469
6484
6724
6470
6485
6725
6471
6486
6726
6472
6487
6727
6473
6488
6728
6474
6489
6729
6475
6490
6730
6476
6491
6731
6477
6492
6732
6478
6493
6733
6479
6494
6734
6495
6735
6481
6496
6736
6482
6497
6737
6483
6498
6738
6484
6499
6739
6485
6500
6740
6486
6501
6741
6487
6502
6742
6488
6503
6743
6489
6504
6744
6490
6505
6745
6491
6506
6746
6492
6507
6747
6493
6508
6748
6494
6509
6749
6495
6510
6750
6511
6751
6497
6512
6752
6498
6513
6753
6499
6514
6754
6500
6515
6755
6501
6516
6756
6502
6517
6757
6503
6518
6758
6504
6519
6759
6505
6520
6760
6506
6521
6761
6507
6522
6762
6508
6523
6763
6509
6524
6764
6510
6525
6765
6511
6526
6766
6527
6767
6513
6528
6768
6514
6529
6769
6515
6530
6770
6516
6531
6771
6517
6532
6772
6518
6533
6773
6519
6534
6774
6520
6535
6775
6521
6536
6776
6522
6537
6777
6523
6538
6778
6524
6539
6779
6525
6540
6780
6526
6541
6781
6527
6542
6782
6543
6783
6529
6544
6784
6530
6545
6785
6531
6546
6786
6532
6547
6787
6533
6548
6788
6534
6549
6789
6535
6550
6790
6536
6551
6791
6537
6552
6792
6538
6553
6793
6539
6554
6794
6540
6555
6795
6541
6556
6796
6542
6557
6797
6543
6558
6798
6559
6799
6545
6560
6800
6546
6561
6801
6547
6562
6802
6548
6563
6803
6549
6564
6804
6550
6565
6805
6551
6566
6806
6552
6567
6807
6553
6568
6808
6554
6569
6809
6555
6570
6810
6556
6571
6811
6557
6572
6812
6558
6573
6813
6559
6574
6814
6575
6815
6561
6576
6816
6562
6577
6817
6563
6578
6818
6564
6579
6819
6565
6580
6820
6566
6581
6821
6567
6582
6822
6568
6583
6823
6569
6584
6824
6570
6585
6825
6571
6586
6826
6572
6587
6827
6573
6588
6828
6574
6589
6829
6575
6590
6830
6591
6831
6577
6592
6832
6578
6593
6833
6579
6594
6834
6580
6595
6835
6581
6596
6836
6582
6597
6837
6583
6598
6838
6584
6599
6839
6585
6600
6840
6586
6601
6841
6587
6602
6842
6588
6603
6843
6589
6604
6844
6590
6605
6845
6591
6606
6846
6607
6847
6593
6608
6848
6594
6609
6849
6595
6610
6850
6596
6611
6851
6597
6612
6852
6598
6613
6853
6599
6614
6854
6600
6615
6855
6601
6616
6856
6602
6617
6857
6603
6618
6858
6604
6619
6859
6605
6620
6860
6606
6621
6861
6607
6622
6862
6623
6863
6609
6624
6864
6610
6625
6865
6611
6626
6866
6612
6627
6867
6613
6628
6868
6614
6629
6869
6615
6630
6870
6616
6631
6871
6617
6632
6872
6618
6633
6873
6619
6634
6874
6620
6635
6875
6621
6636
6876
6622
6637
6877
6623
6638
6878
6639
6879
6625
6640
6880
6626
6641
6881
6627
6642
6882
6628
6643
6883
6629
6644
6884
6630
6645
6885
6631
6646
6886
6632
6647
6887
6633
6648
6888
6634
6649
6889
6635
6650
6890
6636
6651
6891
6637
6652
6892
6638
6653
6893
6639
6654
6894
6655
6895
6641
6896
6642
6897
6643
6898
6644
6899
6645
6900
6646
6901
6647
6902
6648
6903
6649
6904
6650
6905
6651
6906
6652
6907
6653
6908
6654
6909
6655
6910
6911
6657
6672
6912
6658
6673
6913
6659
6674
6914
6660
6675
6915
6661
6676
6916
6662
6677
6917
6663
6678
6918
6664
6679
6919
6665
6680
6920
6666
6681
6921
6667
6682
6922
6668
6683
6923
6669
6684
6924
6670
6685
6925
6671
6686
6926
6687
6927
6673
6688
6928
6674
6689
6929
6675
6690
6930
6676
6691
6931
6677
6692
6932
6678
6693
6933
6679
6694
6934
6680
6695
6935
6681
6696
6936
6682
6697
6937
6683
6698
6938
6684
6699
6939
6685
6700
6940
6686
6701
6941
6687
6702
6942
6703
6943
6689
6704
6944
6690
6705
6945
6691
6706
6946
6692
6707
6947
6693
6708
6948
6694
6709
6949
6695
6710
6950
6696
6711
6951
6697
6712
6952
6698
6713
6953
6699
6714
6954
6700
6715
6955
6701
6716
6956
6702
6717
6957
6703
6718
6958
6719
6959
6705
6720
6960
6706
6721
6961
6707
6722
6962
6708
6723
6963
6709
6724
6964
6710
6725
6965
6711
6726
6966
6712
6727
6967
6713
6728
6968
6714
6729
6969
6715
6730
6970
6716
6731
6971
6717
6732
6972
6718
6733
6973
6719
6734
6974
6735
6975
6721
6736
6976
6722
6737
6977
6723
6738
6978
6724
6739
6979
6725
6740
6980
6726
6741
6981
6727
6742
6982
6728
6743
6983
6729
6744
6984
6730
6745
6985
6731
6746
6986
6732
6747
6987
6733
6748
6988
6734
6749
6989
6735
6750
6990
6751
6991
6737
6752
6992
6738
6753
6993
6739
6754
6994
6740
6755
6995
6741
6756
6996
6742
6757
6997
6743
6758
6998
6744
6759
6999
6745
6760
7000
6746
6761
7001
6747
6762
7002
6748
6763
7003
6749
6764
7004
6750
6765
7005
6751
6766
7006
6767
7007
6753
6768
7008
6754
6769
7009
6755
6770
7010
6756
6771
7011
6757
6772
7012
6758
6773
7013
6759
6774
7014
6760
6775
7015
6761
6776
7016
6762
6777
7017
6763
6778
7018
6764
6779
7019
6765
6780
7020
6766
6781
7021
6767
6782
7022
6783
7023
6769
6784
7024
6770
6785
7025
6771
6786
7026
6772
6787
7027
6773
6788
7028
6774
6789
7029
6775
6790
7030
6776
6791
7031
6777
6792
7032
6778
6793
7033
6779
6794
7034
6780
6795
7035
6781
6796
7036
6782
6797
7037
6783
6798
7038
6799
7039
6785
6800
7040
6786
6801
7041
6787
6802
7042
6788
6803
7043
6789
6804
7044
6790
6805
7045
6791
6806
7046
6792
6807
7047
6793
6808
7048
6794
6809
7049
6795
6810
7050
6796
6811
7051
6797
6812
7052
6798
6813
7053
6799
6814
7054
6815
7055
6801
6816
7056
6802
6817
7057
6803
6818
7058
6804
6819
7059
6805
6820
7060
6806
6821
7061
6807
6822
7062
6808
6823
7063
6809
6824
7064
6810
6825
7065
6811
6826
7066
6812
6827
7067
6813
6828
7068
6814
6829
7069
6815
6830
7070
6831
7071
6817
6832
7072
6818
6833
7073
6819
6834
7074
6820
6835
7075
6821
6836
7076
6822
6837
7077
6823
6838
7078
6824
6839
7079
6825
6840
7080
6826
6841
7081
6827
6842
7082
6828
6843
7083
6829
6844
7084
6830
6845
7085
6831
6846
7086
6847
7087
6833
6848
7088
6834
6849
7089
6835
6850
7090
6836
6851
7091
6837
6852
7092
6838
6853
7093
6839
6854
7094
6840
6855
7095
6841
6856
7096
6842
6857
7097
6843
6858
7098
6844
6859
7099
6845
6860
7100
6846
6861
7101
6847
6862
7102
6863
7103
6849
6864
7104
6850
6865
7105
6851
6866
7106
6852
6867
7107
6853
6868
7108
6854
6869
7109
6855
6870
7110
6856
6871
7111
6857
6872
7112
6858
6873
7113
6859
6874
7114
6860
6875
7115
6861
6876
7116
6862
6877
7117
6863
6878
7118
6879
7119
6865
6880
7120
6866
6881
7121
6867
6882
7122
6868
6883
7123
6869
6884
7124
6870
6885
7125
6871
6886
7126
6872
6887
7127
6873
6888
7128
6874
6889
7129
6875
6890
7130
6876
6891
7131
6877
6892
7132
6878
6893
7133
6879
6894
7134
6895
7135
6881
6896
7136
6882
6897
7137
6883
6898
7138
6884
6899
7139
6885
6900
7140
6886
6901
7141
6887
6902
7142
6888
6903
7143
6889
6904
7144
6890
6905
7145
6891
6906
7146
6892
6907
7147
6893
6908
7148
6894
6909
7149
6895
6910
7150
6911
7151
6897
7152
6898
7153
6899
7154
6900
7155
6901
7156
6902
7157
6903
7158
6904
7159
6905
7160
6906
7161
6907
7162
6908
7163
6909
7164
6910
7165
6911
7166
7167
6913
6928
7168
6914
6929
7169
6915
6930
7170
6916
6931
7171
6917
6932
7172
6918
6933
7173
6919
6934
7174
6920
6935
7175
6921
6936
7176
6922
6937
7177
6923
6938
7178
6924
6939
7179
6925
6940
7180
6926
6941
7181
6927
6942
7182
6943
7183
6929
6944
7184
6930
6945
7185
6931
6946
7186
6932
6947
7187
6933
6948
7188
6934
6949
7189
6935
6950
7190
6936
6951
7191
6937
6952
7192
6938
6953
7193
6939
6954
7194
6940
6955
7195
6941
6956
7196
6942
6957
7197
6943
6958
7198
6959
7199
6945
6960
7200
6946
6961
7201
6947
6962
7202
6948
6963
7203
6949
6964
7204
6950
6965
7205
6951
6966
7206
6952
6967
7207
6953
6968
7208
6954
6969
7209
6955
6970
7210
6956
6971
7211
6957
6972
7212
6958
6973
7213
6959
6974
7214
6975
7215
6961
6976
7216
6962
6977
7217
6963
6978
7218
6964
6979
7219
6965
6980
7220
6966
6981
7221
6967
6982
7222
6968
6983
7223
6969
6984
7224
6970
6985
7225
6971
6986
7226
6972
6987
7227
6973
6988
7228
6974
6989
7229
6975
6990
7230
6991
7231
6977
6992
7232
6978
6993
7233
6979
6994
7234
6980
6995
7235
6981
6996
7236
6982
6997
7237
6983
6998
7238
6984
6999
7239
6985
7000
7240
6986
7001
7241
6987
7002
7242
6988
7003
7243
6989
7004
7244
6990
7005
7245
6991
7006
7246
7007
7247
6993
7008
7248
6994
7009
7249
6995
7010
7250
6996
7011
7251
6997
7012
7252
6998
7013
7253
6999
7014
7254
7000
7015
7255
7001
7016
7256
7002
7017
7257
7003
7018
7258
7004
7019
7259
7005
7020
7260
7006
7021
7261
7007
7022
7262
7023
7263
7009
7024
7264
7010
7025
7265
7011
7026
7266
7012
7027
7267
7013
7028
7268
7014
7029
7269
7015
7030
7270
7016
7031
7271
7017
7032
7272
7018
7033
7273
7019
7034
7274
7020
7035
7275
7021
7036
7276
7022
7037
7277
7023
7038
7278
7039
7279
7025
7040
7280
7026
7041
7281
7027
7042
7282
7028
7043
7283
7029
7044
7284
7030
7045
7285
7031
7046
7286
7032
7047
7287
7033
7048
7288
7034
7049
7289
7035
7050
7290
7036
7051
7291
7037
7052
7292
7038
7053
7293
7039
7054
7294
7055
7295
7041
7056
7296
7042
7057
7297
7043
7058
7298
7044
7059
7299
7045
7060
7300
7046
7061
7301
7047
7062
7302
7048
7063
7303
7049
7064
7304
7050
7065
7305
7051
7066
7306
7052
7067
7307
7053
7068
7308
7054
7069
7309
7055
7070
7310
7071
7311
7057
7072
7312
7058
7073
7313
7059
7074
7314
7060
7075
7315
7061
7076
7316
7062
7077
7317
7063
7078
7318
7064
7079
7319
7065
7080
7320
7066
7081
7321
7067
7082
7322
7068
7083
7323
7069
7084
7324
7070
7085
7325
7071
7086
7326
7087
7327
7073
7088
7328
7074
7089
7329
7075
7090
7330
7076
7091
7331
7077
7092
7332
7078
7093
7333
7079
7094
7334
7080
7095
7335
7081
7096
7336
7082
7097
7337
7083
7098
7338
7084
7099
7339
7085
7100
7340
7086
7101
7341
7087
7102
7342
7103
7343
7089
7104
7344
7090
7105
7345
7091
7106
7346
7092
7107
7347
7093
7108
7348
7094
7109
7349
7095
7110
7350
7096
7111
7351
7097
7112
7352
7098
7113
7353
7099
7114
7354
7100
7115
7355
7101
7116
7356
7102
7117
7357
7103
7118
7358
7119
7359
7105
7120
7360
7106
7121
7361
7107
7122
7362
7108
7123
7363
7109
7124
7364
7110
7125
7365
7111
7126
7366
7112
7127
7367
7113
7128
7368
7114
7129
7369
7115
7130
7370
7116
7131
7371
7117
7132
7372
7118
7133
7373
7119
7134
7374
7135
7375
7121
7136
7376
7122
7137
7377
7123
7138
7378
7124
7139
7379
7125
7140
7380
7126
7141
7381
7127
7142
7382
7128
7143
7383
7129
7144
7384
7130
7145
7385
7131
7146
7386
7132
7147
7387
7133
7148
7388
7134
7149
7389
7135
7150
7390
7151
7391
7137
7152
7392
7138
7153
7393
7139
7154
7394
7140
7155
7395
7141
7156
7396
7142
7157
7397
7143
7158
7398
7144
7159
7399
7145
7160
7400
7146
7161
7401
7147
7162
7402
7148
7163
7403
7149
7164
7404
7150
7165
7405
7151
7166
7406
7167
7407
7153
7408
7154
7409
7155
7410
7156
7411
7157
7412
7158
7413
7159
7414
7160
7415
7161
7416
7162
7417
7163
7418
7164
7419
7165
7420
7166
7421
7167
7422
7423
7169
7184
7424
7170
7185
7425
7171
7186
7426
7172
7187
7427
7173
7188
7428
7174
7189
7429
7175
7190
7430
7176
7191
7431
7177
7192
7432
7178
7193
7433
7179
7194
7434
7180
7195
7435
7181
7196
7436
7182
7197
7437
7183
7198
7438
7199
7439
7185
7200
7440
7186
7201
7441
7187
7202
7442
7188
7203
7443
7189
7204
7444
7190
7205
7445
7191
7206
7446
7192
7207
7447
7193
7208
7448
7194
7209
7449
7195
7210
7450
7196
7211
7451
7197
7212
7452
7198
7213
7453
7199
7214
7454
7215
7455
7201
7216
7456
7202
7217
7457
7203
7218
7458
7204
7219
7459
7205
7220
7460
7206
7221
7461
7207
7222
7462
7208
7223
7463
7209
7224
7464
7210
7225
7465
7211
7226
7466
7212
7227
7467
7213
7228
7468
7214
7229
7469
7215
7230
7470
7231
7471
7217
7232
7472
7218
7233
7473
7219
7234
7474
7220
7235
7475
7221
7236
7476
7222
7237
7477
7223
7238
7478
7224
7239
7479
7225
7240
7480
7226
7241
7481
7227
7242
7482
7228
7243
7483
7229
7244
7484
7230
7245
7485
7231
7246
7486
7247
7487
7233
7248
7488
7234
7249
7489
7235
7250
7490
7236
7251
7491
7237
7252
7492
7238
7253
7493
7239
7254
7494
7240
7255
7495
7241
7256
7496
7242
7257
7497
7243
7258
7498
7244
7259
7499
7245
7260
7500
7246
7261
7501
7247
7262
7502
7263
7503
7249
7264
7504
7250
7265
7505
7251
7266
7506
7252
7267
7507
7253
7268
7508
7254
7269
7509
7255
7270
7510
7256
7271
7511
7257
7272
7512
7258
7273
7513
7259
7274
7514
7260
7275
7515
7261
7276
7516
7262
7277
7517
7263
7278
7518
7279
7519
7265
7280
7520
7266
7281
7521
7267
7282
7522
7268
7283
7523
7269
7284
7524
7270
7285
7525
7271
7286
7526
7272
7287
7527
7273
7288
7528
7274
7289
7529
7275
7290
7530
7276
7291
7531
7277
7292
7532
7278
7293
7533
7279
7294
7534
7295
7535
7281
7296
7536
7282
7297
7537
7283
7298
7538
7284
7299
7539
7285
7300
7540
7286
7301
7541
7287
7302
7542
7288
7303
7543
7289
7304
7544
7290
7305
7545
7291
7306
7546
7292
7307
7547
7293
7308
7548
7294
7309
7549
7295
7310
7550
7311
7551
7297
7312
7552
7298
7313
7553
7299
7314
7554
7300
7315
7555
7301
7316
7556
7302
7317
7557
7303
7318
7558
7304
7319
7559
7305
7320
7560
7306
7321
7561
7307
7322
7562
7308
7323
7563
7309
7324
7564
7310
7325
7565
7311
7326
7566
7327
7567
7313
7328
7568
7314
7329
7569
7315
7330
7570
7316
7331
7571
7317
7332
7572
7318
7333
7573
7319
7334
7574
7320
7335
7575
7321
7336
7576
7322
7337
7577
7323
7338
7578
7324
7339
7579
7325
7340
7580
7326
7341
7581
7327
7342
7582
7343
7583
7329
7344
7584
7330
7345
7585
7331
7346
7586
7332
7347
7587
7333
7348
7588
7334
7349
7589
7335
7350
7590
7336
7351
7591
7337
7352
7592
7338
7353
7593
7339
7354
7594
7340
7355
7595
7341
7356
7596
7342
7357
7597
7343
7358
7598
7359
7599
7345
7360
7600
7346
7361
7601
7347
7362
7602
7348
7363
7603
7349
7364
7604
7350
7365
7605
7351
7366
7606
7352
7367
7607
7353
7368
7608
7354
7369
7609
7355
7370
7610
7356
7371
7611
7357
7372
7612
7358
7373
7613
7359
7374
7614
7375
7615
7361
7376
7616
7362
7377
7617
7363
7378
7618
7364
7379
7619
7365
7380
7620
7366
7381
7621
7367
7382
7622
7368
7383
7623
7369
7384
7624
7370
7385
7625
7371
7386
7626
7372
7387
7627
7373
7388
7628
7374
7389
7629
7375
7390
7630
7391
7631
7377
7392
7632
7378
7393
7633
7379
7394
7634
7380
7395
7635
7381
7396
7636
7382
7397
7637
7383
7398
7638
7384
7399
7639
7385
7400
7640
7386
7401
7641
7387
7402
7642
7388
7403
7643
7389
7404
7644
7390
7405
7645
7391
7406
7646
7407
7647
7393
7408
7648
7394
7409
7649
7395
7410
7650
7396
7411
7651
7397
7412
7652
7398
7413
7653
7399
7414
7654
7400
7415
7655
7401
7416
7656
7402
7417
7657
7403
7418
7658
7404
7419
7659
7405
7420
7660
7406
7421
7661
7407
7422
7662
7423
7663
7409
7664
7410
7665
7411
7666
7412
7667
7413
7668
7414
7669
7415
7670
7416
7671
7417
7672
7418
7673
7419
7674
7420
7675
7421
7676
7422
7677
7423
7678
7679
7425
7440
7680
7426
7441
7681
7427
7442
7682
7428
7443
7683
7429
7444
7684
7430
7445
7685
7431
7446
7686
7432
7447
7687
7433
7448
7688
7434
7449
7689
7435
7450
7690
7436
7451
7691
7437
7452
7692
7438
7453
7693
7439
7454
7694
7455
7695
7441
7456
7696
7442
7457
7697
7443
7458
7698
7444
7459
7699
7445
7460
7700
7446
7461
7701
7447
7462
7702
7448
7463
7703
7449
7464
7704
7450
7465
7705
7451
7466
7706
7452
7467
7707
7453
7468
7708
7454
7469
7709
7455
7470
7710
7471
7711
7457
7472
7712
7458
7473
7713
7459
7474
7714
7460
7475
7715
7461
7476
7716
7462
7477
7717
7463
7478
7718
7464
7479
7719
7465
7480
7720
7466
7481
7721
7467
7482
7722
7468
7483
7723
7469
7484
7724
7470
7485
7725
7471
7486
7726
7487
7727
7473
7488
7728
7474
7489
7729
7475
7490
7730
7476
7491
7731
7477
7492
7732
7478
7493
7733
7479
7494
7734
7480
7495
7735
7481
7496
7736
7482
7497
7737
7483
7498
7738
7484
7499
7739
7485
7500
7740
7486
7501
7741
7487
7502
7742
7503
7743
7489
7504
7744
7490
7505
7745
7491
7506
7746
7492
7507
7747
7493
7508
7748
7494
7509
7749
7495
7510
7750
7496
7511
7751
7497
7512
7752
7498
7513
7753
7499
7514
7754
7500
7515
7755
7501
7516
7756
7502
7517
7757
7503
7518
7758
7519
7759
7505
7520
7760
7506
7521
7761
7507
7522
7762
7508
7523
7763
7509
7524
7764
7510
7525
7765
7511
7526
7766
7512
7527
7767
7513
7528
7768
7514
7529
7769
7515
7530
7770
7516
7531
7771
7517
7532
7772
7518
7533
7773
7519
7534
7774
7535
7775
7521
7536
7776
7522
7537
7777
7523
7538
7778
7524
7539
7779
7525
7540
7780
7526
7541
7781
7527
7542
7782
7528
7543
7783
7529
7544
7784
7530
7545
7785
7531
7546
7786
7532
7547
7787
7533
7548
7788
7534
7549
7789
7535
7550
7790
7551
7791
7537
7552
7792
7538
7553
7793
7539
7554
7794
7540
7555
7795
7541
7556
7796
7542
7557
7797
7543
7558
7798
7544
7559
7799
7545
7560
7800
7546
7561
7801
7547
7562
7802
7548
7563
7803
7549
7564
7804
7550
7565
7805
7551
7566
7806
7567
7807
7553
7568
7808
7554
7569
7809
7555
7570
7810
7556
7571
7811
7557
7572
7812
7558
7573
7813
7559
7574
7814
7560
7575
7815
7561
7576
7816
7562
7577
7817
7563
7578
7818
7564
7579
7819
7565
7580
7820
7566
7581
7821
7567
7582
7822
7583
7823
7569
7584
7824
7570
7585
7825
7571
7586
7826
7572
7587
7827
7573
7588
7828
7574
7589
7829
7575
7590
7830
7576
7591
7831
7577
7592
7832
7578
7593
7833
7579
7594
7834
7580
7595
7835
7581
7596
7836
7582
7597
7837
7583
7598
7838
7599
7839
7585
7600
7840
7586
7601
7841
7587
7602
7842
7588
7603
7843
7589
7604
7844
7590
7605
7845
7591
7606
7846
7592
7607
7847
7593
7608
7848
7594
7609
7849
7595
7610
7850
7596
7611
7851
7597
7612
7852
7598
7613
7853
7599
7614
7854
7615
7855
7601
7616
7856
7602
7617
7857
7603
7618
7858
7604
7619
7859
7605
7620
7860
7606
7621
7861
7607
7622
7862
7608
7623
7863
7609
7624
7864
7610
7625
7865
7611
7626
7866
7612
7627
7867
7613
7628
7868
7614
7629
7869
7615
7630
7870
7631
7871
7617
7632
7872
7618
7633
7873
7619
7634
7874
7620
7635
7875
7621
7636
7876
7622
7637
7877
7623
7638
7878
7624
7639
7879
7625
7640
7880
7626
7641
7881
7627
7642
7882
7628
7643
7883
7629
7644
7884
7630
7645
7885
7631
7646
7886
7647
7887
7633
7648
7888
7634
7649
7889
7635
7650
7890
7636
7651
7891
7637
7652
7892
7638
7653
7893
7639
7654
7894
7640
7655
7895
7641
7656
7896
7642
7657
7897
7643
7658
7898
7644
7659
7899
7645
7660
7900
7646
7661
7901
7647
7662
7902
7663
7903
7649
7664
7904
7650
7665
7905
7651
7666
7906
7652
7667
7907
7653
7668
7908
7654
7669
7909
7655
7670
7910
7656
7671
7911
7657
7672
7912
7658
7673
7913
7659
7674
7914
7660
7675
7915
7661
7676
7916
7662
7677
7917
7663
7678
7918
7679
7919
7665
7920
7666
7921
7667
7922
7668
7923
7669
7924
7670
7925
7671
7926
7672
7927
7673
7928
7674
7929
7675
7930
7676
7931
7677
7932
7678
7933
7679
7934
7935
7681
7696
7936
7682
7697
7937
7683
7698
7938
7684
7699
7939
7685
7700
7940
7686
7701
7941
7687
7702
7942
7688
7703
7943
7689
7704
7944
7690
7705
7945
7691
7706
7946
7692
7707
7947
7693
7708
7948
7694
7709
7949
7695
7710
7950
7711
7951
7697
7712
7952
7698
7713
7953
7699
7714
7954
7700
7715
7955
7701
7716
7956
7702
7717
7957
7703
7718
7958
7704
7719
7959
7705
7720
7960
7706
7721
7961
7707
7722
7962
7708
7723
7963
7709
7724
7964
7710
7725
7965
7711
7726
7966
7727
7967
7713
7728
7968
7714
7729
7969
7715
7730
7970
7716
7731
7971
7717
7732
7972
7718
7733
7973
7719
7734
7974
7720
7735
7975
7721
7736
7976
7722
7737
7977
7723
7738
7978
7724
7739
7979
7725
7740
7980
7726
7741
7981
7727
7742
7982
7743
7983
7729
7744
7984
7730
7745
7985
7731
7746
7986
7732
7747
7987
7733
7748
7988
7734
7749
7989
7735
7750
7990
7736
7751
7991
7737
7752
7992
7738
7753
7993
7739
7754
7994
7740
7755
7995
7741
7756
7996
7742
7757
7997
7743
7758
7998
7759
7999
7745
7760
8000
7746
7761
8001
7747
7762
8002
7748
7763
8003
7749
7764
8004
7750
7765
8005
7751
7766
8006
7752
7767
8007
7753
7768
8008
7754
7769
8009
7755
7770
8010
7756
7771
8011
7757
7772
8012
7758
7773
8013
7759
7774
8014
7775
8015
7761
7776
8016
7762
7777
8017
7763
7778
8018
7764
7779
8019
7765
7780
8020
7766
7781
8021
7767
7782
8022
7768
7783
8023
7769
7784
8024
7770
7785
8025
7771
7786
8026
7772
7787
8027
7773
7788
8028
7774
7789
8029
7775
7790
8030
7791
8031
7777
7792
8032
7778
7793
8033
7779
7794
8034
7780
7795
8035
7781
7796
8036
7782
7797
8037
7783
7798
8038
7784
7799
8039
7785
7800
8040
7786
7801
8041
7787
7802
8042
7788
7803
8043
7789
7804
8044
7790
7805
8045
7791
7806
8046
7807
8047
7793
7808
8048
7794
7809
8049
7795
7810
8050
7796
7811
8051
7797
7812
8052
7798
7813
8053
7799
7814
8054
7800
7815
8055
7801
7816
8056
7802
7817
8057
7803
7818
8058
7804
7819
8059
7805
7820
8060
7806
7821
8061
7807
7822
8062
7823
8063
7809
7824
8064
7810
7825
8065
7811
7826
8066
7812
7827
8067
7813
7828
8068
7814
7829
8069
7815
7830
8070
7816
7831
8071
7817
7832
8072
7818
7833
8073
7819
7834
8074
7820
7835
8075
7821
7836
8076
7822
7837
8077
7823
7838
8078
7839
8079
7825
7840
8080
7826
7841
8081
7827
7842
8082
7828
7843
8083
7829
7844
8084
7830
7845
8085
7831
7846
8086
7832
7847
8087
7833
7848
8088
7834
7849
8089
7835
7850
8090
7836
7851
8091
7837
7852
8092
7838
7853
8093
7839
7854
8094
7855
8095
7841
7856
8096
7842
7857
8097
7843
7858
8098
7844
7859
8099
7845
7860
8100
7846
7861
8101
7847
7862
8102
7848
7863
8103
7849
7864
8104
7850
7865
8105
7851
7866
8106
7852
7867
8107
7853
7868
8108
7854
7869
8109
7855
7870
8110
7871
8111
7857
7872
8112
7858
7873
8113
7859
7874
8114
7860
7875
8115
7861
7876
8116
7862
7877
8117
7863
7878
8118
7864
7879
8119
7865
7880
8120
7866
7881
8121
7867
7882
8122
7868
7883
8123
7869
7884
8124
7870
7885
8125
7871
7886
8126
7887
8127
7873
7888
8128
7874
7889
8129
7875
7890
8130
7876
7891
8131
7877
7892
8132
7878
7893
8133
7879
7894
8134
7880
7895
8135
7881
7896
8136
7882
7897
8137
7883
7898
8138
7884
7899
8139
7885
7900
8140
7886
7901
8141
7887
7902
8142
7903
8143
7889
7904
8144
7890
7905
8145
7891
7906
8146
7892
7907
8147
7893
7908
8148
7894
7909
8149
7895
7910
8150
7896
7911
8151
7897
7912
8152
7898
7913
8153
7899
7914
8154
7900
7915
8155
7901
7916
8156
7902
7917
8157
7903
7918
8158
7919
8159
7905
7920
8160
7906
7921
8161
7907
7922
8162
7908
7923
8163
7909
7924
8164
7910
7925
8165
7911
7926
8166
7912
7927
8167
7913
7928
8168
7914
7929
8169
7915
7930
8170
7916
7931
8171
7917
7932
8172
7918
7933
8173
7919
7934
8174
7935
8175
7921
8176
7922
8177
7923
8178
7924
8179
7925
8180
7926
8181
7927
8182
7928
8183
7929
8184
7930
8185
7931
8186
7932
8187
7933
8188
7934
8189
7935
8190
8191
7937
7952
8192
7938
7953
8193
7939
7954
8194
7940
7955
8195
7941
7956
8196
7942
7957
8197
7943
7958
8198
7944
7959
8199
7945
7960
8200
7946
7961
8201
7947
7962
8202
7948
7963
8203
7949
7964
8204
7950
7965
8205
7951
7966
8206
7967
8207
7953
7968
8208
7954
7969
8209
7955
7970
8210
7956
7971
8211
7957
7972
8212
7958
7973
8213
7959
7974
8214
7960
7975
8215
7961
7976
8216
7962
7977
8217
7963
7978
8218
7964
7979
8219
7965
7980
8220
7966
7981
8221
7967
7982
8222
7983
8223
7969
7984
8224
7970
7985
8225
7971
7986
8226
7972
7987
8227
7973
7988
8228
7974
7989
8229
7975
7990
8230
7976
7991
8231
7977
7992
8232
7978
7993
8233
7979
7994
8234
7980
7995
8235
7981
7996
8236
7982
7997
8237
7983
7998
8238
7999
8239
7985
8000
8240
7986
8001
8241
7987
8002
8242
7988
8003
8243
7989
8004
8244
7990
8005
8245
7991
8006
8246
7992
8007
8247
7993
8008
8248
7994
8009
8249
7995
8010
8250
7996
8011
8251
7997
8012
8252
7998
8013
8253
7999
8014
8254
8015
8255
8001
8016
8256
8002
8017
8257
8003
8018
8258
8004
8019
8259
8005
8020
8260
8006
8021
8261
8007
8022
8262
8008
8023
8263
8009
8024
8264
8010
8025
8265
8011
8026
8266
8012
8027
8267
8013
8028
8268
8014
8029
8269
8015
8030
8270
8031
8271
8017
8032
8272
8018
8033
8273
8019
8034
8274
8020
8035
8275
8021
8036
8276
8022
8037
8277
8023
8038
8278
8024
8039
8279
8025
8040
8280
8026
8041
8281
8027
8042
8282
8028
8043
8283
8029
8044
8284
8030
8045
8285
8031
8046
8286
8047
8287
8033
8048
8288
8034
8049
8289
8035
8050
8290
8036
8051
8291
8037
8052
8292
8038
8053
8293
8039
8054
8294
8040
8055
8295
8041
8056
8296
8042
8057
8297
8043
8058
8298
8044
8059
8299
8045
8060
8300
8046
8061
8301
8047
8062
8302
8063
8303
8049
8064
8304
8050
8065
8305
8051
8066
8306
8052
8067
8307
8053
8068
8308
8054
8069
8309
8055
8070
8310
8056
8071
8311
8057
8072
8312
8058
8073
8313
8059
8074
8314
8060
8075
8315
8061
8076
8316
8062
8077
8317
8063
8078
8318
8079
8319
8065
8080
8320
8066
8081
8321
8067
8082
8322
8068
8083
8323
8069
8084
8324
8070
8085
8325
8071
8086
8326
8072
8087
8327
8073
8088
8328
8074
8089
8329
8075
8090
8330
8076
8091
8331
8077
8092
8332
8078
8093
8333
8079
8094
8334
8095
8335
8081
8096
8336
8082
8097
8337
8083
8098
8338
8084
8099
8339
8085
8100
8340
8086
8101
8341
8087
8102
8342
8088
8103
8343
8089
8104
8344
8090
8105
8345
8091
8106
8346
8092
8107
8347
8093
8108
8348
8094
8109
8349
8095
8110
8350
8111
8351
8097
8112
8352
8098
8113
8353
8099
8114
8354
8100
8115
8355
8101
8116
8356
8102
8117
8357
8103
8118
8358
8104
8119
8359
8105
8120
8360
8106
8121
8361
8107
8122
8362
8108
8123
8363
8109
8124
8364
8110
8125
8365
8111
8126
8366
8127
8367
8113
8128
8368
8114
8129
8369
8115
8130
8370
8116
8131
8371
8117
8132
8372
8118
8133
8373
8119
8134
8374
8120
8135
8375
8121
8136
8376
8122
8137
8377
8123
8138
8378
8124
8139
8379
8125
8140
8380
8126
8141
8381
8127
8142
8382
8143
8383
8129
8144
8384
8130
8145
8385
8131
8146
8386
8132
8147
8387
8133
8148
8388
8134
8149
8389
8135
8150
8390
8136
8151
8391
8137
8152
8392
8138
8153
8393
8139
8154
8394
8140
8155
8395
8141
8156
8396
8142
8157
8397
8143
8158
8398
8159
8399
8145
8160
8400
8146
8161
8401
8147
8162
8402
8148
8163
8403
8149
8164
8404
8150
8165
8405
8151
8166
8406
8152
8167
8407
8153
8168
8408
8154
8169
8409
8155
8170
8410
8156
8171
8411
8157
8172
8412
8158
8173
8413
8159
8174
8414
8175
8415
8161
8176
8416
8162
8177
8417
8163
8178
8418
8164
8179
8419
8165
8180
8420
8166
8181
8421
8167
8182
8422
8168
8183
8423
8169
8184
8424
8170
8185
8425
8171
8186
8426
8172
8187
8427
8173
8188
8428
8174
8189
8429
8175
8190
8430
8191
8431
8177
8432
8178
8433
8179
8434
8180
8435
8181
8436
8182
8437
8183
8438
8184
8439
8185
8440
8186
8441
8187
8442
8188
8443
8189
8444
8190
8445
8191
8446
8447
8193
8208
8448
8194
8209
8449
8195
8210
8450
8196
8211
8451
8197
8212
8452
8198
8213
8453
8199
8214
8454
8200
8215
8455
8201
8216
8456
8202
8217
8457
8203
8218
8458
8204
8219
8459
8205
8220
8460
8206
8221
8461
8207
8222
8462
8223
8463
8209
8224
8464
8210
8225
8465
8211
8226
8466
8212
8227
8467
8213
8228
8468
8214
8229
8469
8215
8230
8470
8216
8231
8471
8217
8232
8472
8218
8233
8473
8219
8234
8474
8220
8235
8475
8221
8236
8476
8222
8237
8477
8223
8238
8478
8239
8479
8225
8240
8480
8226
8241
8481
8227
8242
8482
8228
8243
8483
8229
8244
8484
8230
8245
8485
8231
8246
8486
8232
8247
8487
8233
8248
8488
8234
8249
8489
8235
8250
8490
8236
8251
8491
8237
8252
8492
8238
8253
8493
8239
8254
8494
8255
8495
8241
8256
8496
8242
8257
8497
8243
8258
8498
8244
8259
8499
8245
8260
8500
8246
8261
8501
8247
8262
8502
8248
8263
8503
8249
8264
8504
8250
8265
8505
8251
8266
8506
8252
8267
8507
8253
8268
8508
8254
8269
8509
8255
8270
8510
8271
8511
8257
8272
8512
8258
8273
8513
8259
8274
8514
8260
8275
8515
8261
8276
8516
8262
8277
8517
8263
8278
8518
8264
8279
8519
8265
8280
8520
8266
8281
8521
8267
8282
8522
8268
8283
8523
8269
8284
8524
8270
8285
8525
8271
8286
8526
8287
8527
8273
8288
8528
8274
8289
8529
8275
8290
8530
8276
8291
8531
8277
8292
8532
8278
8293
8533
8279
8294
8534
8280
8295
8535
8281
8296
8536
8282
8297
8537
8283
8298
8538
8284
8299
8539
8285
8300
8540
8286
8301
8541
8287
8302
8542
8303
8543
8289
8304
8544
8290
8305
8545
8291
8306
8546
8292
8307
8547
8293
8308
8548
8294
8309
8549
8295
8310
8550
8296
8311
8551
8297
8312
8552
8298
8313
8553
8299
8314
8554
8300
8315
8555
8301
8316
8556
8302
8317
8557
8303
8318
8558
8319
8559
8305
8320
8560
8306
8321
8561
8307
8322
8562
8308
8323
8563
8309
8324
8564
8310
8325
8565
8311
8326
8566
8312
8327
8567
8313
8328
8568
8314
8329
8569
8315
8330
8570
8316
8331
8571
8317
8332
8572
8318
8333
8573
8319
8334
8574
8335
8575
8321
8336
8576
8322
8337
8577
8323
8338
8578
8324
8339
8579
8325
8340
8580
8326
8341
8581
8327
8342
8582
8328
8343
8583
8329
8344
8584
8330
8345
8585
8331
8346
8586
8332
8347
8587
8333
8348
8588
8334
8349
8589
8335
8350
8590
8351
8591
8337
8352
8592
8338
8353
8593
8339
8354
8594
8340
8355
8595
8341
8356
8596
8342
8357
8597
8343
8358
8598
8344
8359
8599
8345
8360
8600
8346
8361
8601
8347
8362
8602
8348
8363
8603
8349
8364
8604
8350
8365
8605
8351
8366
8606
8367
8607
8353
8368
8608
8354
8369
8609
8355
8370
8610
8356
8371
8611
8357
8372
8612
8358
8373
8613
8359
8374
8614
8360
8375
8615
8361
8376
8616
8362
8377
8617
8363
8378
8618
8364
8379
8619
8365
8380
8620
8366
8381
8621
8367
8382
8622
8383
8623
8369
8384
8624
8370
8385
8625
8371
8386
8626
8372
8387
8627
8373
8388
8628
8374
8389
8629
8375
8390
8630
8376
8391
8631
8377
8392
8632
8378
8393
8633
8379
8394
8634
8380
8395
8635
8381
8396
8636
8382
8397
8637
8383
8398
8638
8399
8639
8385
8400
8640
8386
8401
8641
8387
8402
8642
8388
8403
8643
8389
8404
8644
8390
8405
8645
8391
8406
8646
8392
8407
8647
8393
8408
8648
8394
8409
8649
8395
8410
8650
8396
8411
8651
8397
8412
8652
8398
8413
8653
8399
8414
8654
8415
8655
8401
8416
8656
8402
8417
8657
8403
8418
8658
8404
8419
8659
8405
8420
8660
8406
8421
8661
8407
8422
8662
8408
8423
8663
8409
8424
8664
8410
8425
8665
8411
8426
8666
8412
8427
8667
8413
8428
8668
8414
8429
8669
8415
8430
8670
8431
8671
8417
8432
8672
8418
8433
8673
8419
8434
8674
8420
8435
8675
8421
8436
8676
8422
8437
8677
8423
8438
8678
8424
8439
8679
8425
8440
8680
8426
8441
8681
8427
8442
8682
8428
8443
8683
8429
8444
8684
8430
8445
8685
8431
8446
8686
8447
8687
8433
8688
8434
8689
8435
8690
8436
8691
8437
8692
8438
8693
8439
8694
8440
8695
8441
8696
8442
8697
8443
8698
8444
8699
8445
8700
8446
8701
8447
8702
8703
8449
8464
8704
8450
8465
8705
8451
8466
8706
8452
8467
8707
8453
8468
8708
8454
8469
8709
8455
8470
8710
8456
8471
8711
8457
8472
8712
8458
8473
8713
8459
8474
8714
8460
8475
8715
8461
8476
8716
8462
8477
8717
8463
8478
8718
8479
8719
8465
8480
8720
8466
8481
8721
8467
8482
8722
8468
8483
8723
8469
8484
8724
8470
8485
8725
8471
8486
8726
8472
8487
8727
8473
8488
8728
8474
8489
8729
8475
8490
8730
8476
8491
8731
8477
8492
8732
8478
8493
8733
8479
8494
8734
8495
8735
8481
8496
8736
8482
8497
8737
8483
8498
8738
8484
8499
8739
8485
8500
8740
8486
8501
8741
8487
8502
8742
8488
8503
8743
8489
8504
8744
8490
8505
8745
8491
8506
8746
8492
8507
8747
8493
8508
8748
8494
8509
8749
8495
8510
8750
8511
8751
8497
8512
8752
8498
8513
8753
8499
8514
8754
8500
8515
8755
8501
8516
8756
8502
8517
8757
8503
8518
8758
8504
8519
8759
8505
8520
8760
8506
8521
8761
8507
8522
8762
8508
8523
8763
8509
8524
8764
8510
8525
8765
8511
8526
8766
8527
8767
8513
8528
8768
8514
8529
8769
8515
8530
8770
8516
8531
8771
8517
8532
8772
8518
8533
8773
8519
8534
8774
8520
8535
8775
8521
8536
8776
8522
8537
8777
8523
8538
8778
8524
8539
8779
8525
8540
8780
8526
8541
8781
8527
8542
8782
8543
8783
8529
8544
8784
8530
8545
8785
8531
8546
8786
8532
8547
8787
8533
8548
8788
8534
8549
8789
8535
8550
8790
8536
8551
8791
8537
8552
8792
8538
8553
8793
8539
8554
8794
8540
8555
8795
8541
8556
8796
8542
8557
8797
8543
8558
8798
8559
8799
8545
8560
8800
8546
8561
8801
8547
8562
8802
8548
8563
8803
8549
8564
8804
8550
8565
8805
8551
8566
8806
8552
8567
8807
8553
8568
8808
8554
8569
8809
8555
8570
8810
8556
8571
8811
8557
8572
8812
8558
8573
8813
8559
8574
8814
8575
8815
8561
8576
8816
8562
8577
8817
8563
8578
8818
8564
8579
8819
8565
8580
8820
8566
8581
8821
8567
8582
8822
8568
8583
8823
8569
8584
8824
8570
8585
8825
8571
8586
8826
8572
8587
8827
8573
8588
8828
8574
8589
8829
8575
8590
8830
8591
8831
8577
8592
8832
8578
8593
8833
8579
8594
8834
8580
8595
8835
8581
8596
8836
8582
8597
8837
8583
8598
8838
8584
8599
8839
8585
8600
8840
8586
8601
8841
8587
8602
8842
8588
8603
8843
8589
8604
8844
8590
8605
8845
8591
8606
8846
8607
8847
8593
8608
8848
8594
8609
8849
8595
8610
8850
8596
8611
8851
8597
8612
8852
8598
8613
8853
8599
8614
8854
8600
8615
8855
8601
8616
8856
8602
8617
8857
8603
8618
8858
8604
8619
8859
8605
8620
8860
8606
8621
8861
8607
8622
8862
8623
8863
8609
8624
8864
8610
8625
8865
8611
8626
8866
8612
8627
8867
8613
8628
8868
8614
8629
8869
8615
8630
8870
8616
8631
8871
8617
8632
8872
8618
8633
8873
8619
8634
8874
8620
8635
8875
8621
8636
8876
8622
8637
8877
8623
8638
8878
8639
8879
8625
8640
8880
8626
8641
8881
8627
8642
8882
8628
8643
8883
8629
8644
8884
8630
8645
8885
8631
8646
8886
8632
8647
8887
8633
8648
8888
8634
8649
8889
8635
8650
8890
8636
8651
8891
8637
8652
8892
8638
8653
8893
8639
8654
8894
8655
8895
8641
8656
8896
8642
8657
8897
8643
8658
8898
8644
8659
8899
8645
8660
8900
8646
8661
8901
8647
8662
8902
8648
8663
8903
8649
8664
8904
8650
8665
8905
8651
8666
8906
8652
8667
8907
8653
8668
8908
8654
8669
8909
8655
8670
8910
8671
8911
8657
8672
8912
8658
8673
8913
8659
8674
8914
8660
8675
8915
8661
8676
8916
8662
8677
8917
8663
8678
8918
8664
8679
8919
8665
8680
8920
8666
8681
8921
8667
8682
8922
8668
8683
8923
8669
8684
8924
8670
8685
8925
8671
8686
8926
8687
8927
8673
8688
8928
8674
8689
8929
8675
8690
8930
8676
8691
8931
8677
8692
8932
8678
8693
8933
8679
8694
8934
8680
8695
8935
8681
8696
8936
8682
8697
8937
8683
8698
8938
8684
8699
8939
8685
8700
8940
8686
8701
8941
8687
8702
8942
8703
8943
8689
8944
8690
8945
8691
8946
8692
8947
8693
8948
8694
8949
8695
8950
8696
8951
8697
8952
8698
8953
8699
8954
8700
8955
8701
8956
8702
8957
8703
8958
8959
8705
8720
8960
8706
8721
8961
8707
8722
8962
8708
8723
8963
8709
8724
8964
8710
8725
8965
8711
8726
8966
8712
8727
8967
8713
8728
8968
8714
8729
8969
8715
8730
8970
8716
8731
8971
8717
8732
8972
8718
8733
8973
8719
8734
8974
8735
8975
8721
8736
8976
8722
8737
8977
8723
8738
8978
8724
8739
8979
8725
8740
8980
8726
8741
8981
8727
8742
8982
8728
8743
8983
8729
8744
8984
8730
8745
8985
8731
8746
8986
8732
8747
8987
8733
8748
8988
8734
8749
8989
8735
8750
8990
8751
8991
8737
8752
8992
8738
8753
8993
8739
8754
8994
8740
8755
8995
8741
8756
8996
8742
8757
8997
8743
8758
8998
8744
8759
8999
8745
8760
9000
8746
8761
9001
8747
8762
9002
8748
8763
9003
8749
8764
9004
8750
8765
9005
8751
8766
9006
8767
9007
8753
8768
9008
8754
8769
9009
8755
8770
9010
8756
8771
9011
8757
8772
9012
8758
8773
9013
8759
8774
9014
8760
8775
9015
8761
8776
9016
8762
8777
9017
8763
8778
9018
8764
8779
9019
8765
8780
9020
8766
8781
9021
8767
8782
9022
8783
9023
8769
8784
9024
8770
8785
9025
8771
8786
9026
8772
8787
9027
8773
8788
9028
8774
8789
9029
8775
8790
9030
8776
8791
9031
8777
8792
9032
8778
8793
9033
8779
8794
9034
8780
8795
9035
8781
8796
9036
8782
8797
9037
8783
8798
9038
8799
9039
8785
8800
9040
8786
8801
9041
8787
8802
9042
8788
8803
9043
8789
8804
9044
8790
8805
9045
8791
8806
9046
8792
8807
9047
8793
8808
9048
8794
8809
9049
8795
8810
9050
8796
8811
9051
8797
8812
9052
8798
8813
9053
8799
8814
9054
8815
9055
8801
8816
9056
8802
8817
9057
8803
8818
9058
8804
8819
9059
8805
8820
9060
8806
8821
9061
8807
8822
9062
8808
8823
9063
8809
8824
9064
8810
8825
9065
8811
8826
9066
8812
8827
9067
8813
8828
9068
8814
8829
9069
8815
8830
9070
8831
9071
8817
8832
9072
8818
8833
9073
8819
8834
9074
8820
8835
9075
8821
8836
9076
8822
8837
9077
8823
8838
9078
8824
8839
9079
8825
8840
9080
8826
8841
9081
8827
8842
9082
8828
8843
9083
8829
8844
9084
8830
8845
9085
8831
8846
9086
8847
9087
8833
8848
9088
8834
8849
9089
8835
8850
9090
8836
8851
9091
8837
8852
9092
8838
8853
9093
8839
8854
9094
8840
8855
9095
8841
8856
9096
8842
8857
9097
8843
8858
9098
8844
8859
9099
8845
8860
9100
8846
8861
9101
8847
8862
9102
8863
9103
8849
8864
9104
8850
8865
9105
8851
8866
9106
8852
8867
9107
8853
8868
9108
8854
8869
9109
8855
8870
9110
8856
8871
9111
8857
8872
9112
8858
8873
9113
8859
8874
9114
8860
8875
9115
8861
8876
9116
8862
8877
9117
8863
8878
9118
8879
9119
8865
8880
9120
8866
8881
9121
8867
8882
9122
8868
8883
9123
8869
8884
9124
8870
8885
9125
8871
8886
9126
8872
8887
9127
8873
8888
9128
8874
8889
9129
8875
8890
9130
8876
8891
9131
8877
8892
9132
8878
8893
9133
8879
8894
9134
8895
9135
8881
8896
9136
8882
8897
9137
8883
8898
9138
8884
8899
9139
8885
8900
9140
8886
8901
9141
8887
8902
9142
8888
8903
9143
8889
8904
9144
8890
8905
9145
8891
8906
9146
8892
8907
9147
8893
8908
9148
8894
8909
9149
8895
8910
9150
8911
9151
8897
8912
9152
8898
8913
9153
8899
8914
9154
8900
8915
9155
8901
8916
9156
8902
8917
9157
8903
8918
9158
8904
8919
9159
8905
8920
9160
8906
8921
9161
8907
8922
9162
8908
8923
9163
8909
8924
9164
8910
8925
9165
8911
8926
9166
8927
9167
8913
8928
9168
8914
8929
9169
8915
8930
9170
8916
8931
9171
8917
8932
9172
8918
8933
9173
8919
8934
9174
8920
8935
9175
8921
8936
9176
8922
8937
9177
8923
8938
9178
8924
8939
9179
8925
8940
9180
8926
8941
9181
8927
8942
9182
8943
9183
8929
8944
9184
8930
8945
9185
8931
8946
9186
8932
8947
9187
8933
8948
9188
8934
8949
9189
8935
8950
9190
8936
8951
9191
8937
8952
9192
8938
8953
9193
8939
8954
9194
8940
8955
9195
8941
8956
9196
8942
8957
9197
8943
8958
9198
8959
9199
8945
9200
8946
9201
8947
9202
8948
9203
8949
9204
8950
9205
8951
9206
8952
9207
8953
9208
8954
9209
8955
9210
8956
9211
8957
9212
8958
9213
8959
9214
9215
8961
8976
9216
8962
8977
9217
8963
8978
9218
8964
8979
9219
8965
8980
9220
8966
8981
9221
8967
8982
9222
8968
8983
9223
8969
8984
9224
8970
8985
9225
8971
8986
9226
8972
8987
9227
8973
8988
9228
8974
8989
9229
8975
8990
9230
8991
9231
8977
8992
9232
8978
8993
9233
8979
8994
9234
8980
8995
9235
8981
8996
9236
8982
8997
9237
8983
8998
9238
8984
8999
9239
8985
9000
9240
8986
9001
9241
8987
9002
9242
8988
9003
9243
8989
9004
9244
8990
9005
9245
8991
9006
9246
9007
9247
8993
9008
9248
8994
9009
9249
8995
9010
9250
8996
9011
9251
8997
9012
9252
8998
9013
9253
8999
9014
9254
9000
9015
9255
9001
9016
9256
9002
9017
9257
9003
9018
9258
9004
9019
9259
9005
9020
9260
9006
9021
9261
9007
9022
9262
9023
9263
9009
9024
9264
9010
9025
9265
9011
9026
9266
9012
9027
9267
9013
9028
9268
9014
9029
9269
9015
9030
9270
9016
9031
9271
9017
9032
9272
9018
9033
9273
9019
9034
9274
9020
9035
9275
9021
9036
9276
9022
9037
9277
9023
9038
9278
9039
9279
9025
9040
9280
9026
9041
9281
9027
9042
9282
9028
9043
9283
9029
9044
9284
9030
9045
9285
9031
9046
9286
9032
9047
9287
9033
9048
9288
9034
9049
9289
9035
9050
9290
9036
9051
9291
9037
9052
9292
9038
9053
9293
9039
9054
9294
9055
9295
9041
9056
9296
9042
9057
9297
9043
9058
9298
9044
9059
9299
9045
9060
9300
9046
9061
9301
9047
9062
9302
9048
9063
9303
9049
9064
9304
9050
9065
9305
9051
9066
9306
9052
9067
9307
9053
9068
9308
9054
9069
9309
9055
9070
9310
9071
9311
9057
9072
9312
9058
9073
9313
9059
9074
9314
9060
9075
9315
9061
9076
9316
9062
9077
9317
9063
9078
9318
9064
9079
9319
9065
9080
9320
9066
9081
9321
9067
9082
9322
9068
9083
9323
9069
9084
9324
9070
9085
9325
9071
9086
9326
9087
9327
9073
9088
9328
9074
9089
9329
9075
9090
9330
9076
9091
9331
9077
9092
9332
9078
9093
9333
9079
9094
9334
9080
9095
9335
9081
9096
9336
9082
9097
9337
9083
9098
9338
9084
9099
9339
9085
9100
9340
9086
9101
9341
9087
9102
9342
9103
9343
9089
9104
9344
9090
9105
9345
9091
9106
9346
9092
9107
9347
9093
9108
9348
9094
9109
9349
9095
9110
9350
9096
9111
9351
9097
9112
9352
9098
9113
9353
9099
9114
9354
9100
9115
9355
9101
9116
9356
9102
9117
9357
9103
9118
9358
9119
9359
9105
9120
9360
9106
9121
9361
9107
9122
9362
9108
9123
9363
9109
9124
9364
9110
9125
9365
9111
9126
9366
9112
9127
9367
9113
9128
9368
9114
9129
9369
9115
9130
9370
9116
9131
9371
9117
9132
9372
9118
9133
9373
9119
9134
9374
9135
9375
9121
9136
9376
9122
9137
9377
9123
9138
9378
9124
9139
9379
9125
9140
9380
9126
9141
9381
9127
9142
9382
9128
9143
9383
9129
9144
9384
9130
9145
9385
9131
9146
9386
9132
9147
9387
9133
9148
9388
9134
9149
9389
9135
9150
9390
9151
9391
9137
9152
9392
9138
9153
9393
9139
9154
9394
9140
9155
9395
9141
9156
9396
9142
9157
9397
9143
9158
9398
9144
9159
9399
9145
9160
9400
9146
9161
9401
9147
9162
9402
9148
9163
9403
9149
9164
9404
9150
9165
9405
9151
9166
9406
9167
9407
9153
9168
9408
9154
9169
9409
9155
9170
9410
9156
9171
9411
9157
9172
9412
9158
9173
9413
9159
9174
9414
9160
9175
9415
9161
9176
9416
9162
9177
9417
9163
9178
9418
9164
9179
9419
9165
9180
9420
9166
9181
9421
9167
9182
9422
9183
9423
9169
9184
9424
9170
9185
9425
9171
9186
9426
9172
9187
9427
9173
9188
9428
9174
9189
9429
9175
9190
9430
9176
9191
9431
9177
9192
9432
9178
9193
9433
9179
9194
9434
9180
9195
9435
9181
9196
9436
9182
9197
9437
9183
9198
9438
9199
9439
9185
9200
9440
9186
9201
9441
9187
9202
9442
9188
9203
9443
9189
9204
9444
9190
9205
9445
9191
9206
9446
9192
9207
9447
9193
9208
9448
9194
9209
9449
9195
9210
9450
9196
9211
9451
9197
9212
9452
9198
9213
9453
9199
9214
9454
9215
9455
9201
9456
9202
9457
9203
9458
9204
9459
9205
9460
9206
9461
9207
9462
9208
9463
9209
9464
9210
9465
9211
9466
9212
9467
9213
9468
9214
9469
9215
9470
9471
9217
9232
9472
9218
9233
9473
9219
9234
9474
9220
9235
9475
9221
9236
9476
9222
9237
9477
9223
9238
9478
9224
9239
9479
9225
9240
9480
9226
9241
9481
9227
9242
9482
9228
9243
9483
9229
9244
9484
9230
9245
9485
9231
9246
9486
9247
9487
9233
9248
9488
9234
9249
9489
9235
9250
9490
9236
9251
9491
9237
9252
9492
9238
9253
9493
9239
9254
9494
9240
9255
9495
9241
9256
9496
9242
9257
9497
9243
9258
9498
9244
9259
9499
9245
9260
9500
9246
9261
9501
9247
9262
9502
9263
9503
9249
9264
9504
9250
9265
9505
9251
9266
9506
9252
9267
9507
9253
9268
9508
9254
9269
9509
9255
9270
9510
9256
9271
9511
9257
9272
9512
9258
9273
9513
9259
9274
9514
9260
9275
9515
9261
9276
9516
9262
9277
9517
9263
9278
9518
9279
9519
9265
9280
9520
9266
9281
9521
9267
9282
9522
9268
9283
9523
9269
9284
9524
9270
9285
9525
9271
9286
9526
9272
9287
9527
9273
9288
9528
9274
9289
9529
9275
9290
9530
9276
9291
9531
9277
9292
9532
9278
9293
9533
9279
9294
9534
9295
9535
9281
9296
9536
9282
9297
9537
9283
9298
9538
9284
9299
9539
9285
9300
9540
9286
9301
9541
9287
9302
9542
9288
9303
9543
9289
9304
9544
9290
9305
9545
9291
9306
9546
9292
9307
9547
9293
9308
9548
9294
9309
9549
9295
9310
9550
9311
9551
9297
9312
9552
9298
9313
9553
9299
9314
9554
9300
9315
9555
9301
9316
9556
9302
9317
9557
9303
9318
9558
9304
9319
9559
9305
9320
9560
9306
9321
9561
9307
9322
9562
9308
9323
9563
9309
9324
9564
9310
9325
9565
9311
9326
9566
9327
9567
9313
9328
9568
9314
9329
9569
9315
9330
9570
9316
9331
9571
9317
9332
9572
9318
9333
9573
9319
9334
9574
9320
9335
9575
9321
9336
9576
9322
9337
9577
9323
9338
9578
9324
9339
9579
9325
9340
9580
9326
9341
9581
9327
9342
9582
9343
9583
9329
9344
9584
9330
9345
9585
9331
9346
9586
9332
9347
9587
9333
9348
9588
9334
9349
9589
9335
9350
9590
9336
9351
9591
9337
9352
9592
9338
9353
9593
9339
9354
9594
9340
9355
9595
9341
9356
9596
9342
9357
9597
9343
9358
9598
9359
9599
9345
9360
9600
9346
9361
9601
9347
9362
9602
9348
9363
9603
9349
9364
9604
9350
9365
9605
9351
9366
9606
9352
9367
9607
9353
9368
9608
9354
9369
9609
9355
9370
9610
9356
9371
9611
9357
9372
9612
9358
9373
9613
9359
9374
9614
9375
9615
9361
9376
9616
9362
9377
9617
9363
9378
9618
9364
9379
9619
9365
9380
9620
9366
9381
9621
9367
9382
9622
9368
9383
9623
9369
9384
9624
9370
9385
9625
9371
9386
9626
9372
9387
9627
9373
9388
9628
9374
9389
9629
9375
9390
9630
9391
9631
9377
9392
9632
9378
9393
9633
9379
9394
9634
9380
9395
9635
9381
9396
9636
9382
9397
9637
9383
9398
9638
9384
9399
9639
9385
9400
9640
9386
9401
9641
9387
9402
9642
9388
9403
9643
9389
9404
9644
9390
9405
9645
9391
9406
9646
9407
9647
9393
9408
9648
9394
9409
9649
9395
9410
9650
9396
9411
9651
9397
9412
9652
9398
9413
9653
9399
9414
9654
9400
9415
9655
9401
9416
9656
9402
9417
9657
9403
9418
9658
9404
9419
9659
9405
9420
9660
9406
9421
9661
9407
9422
9662
9423
9663
9409
9424
9664
9410
9425
9665
9411
9426
9666
9412
9427
9667
9413
9428
9668
9414
9429
9669
9415
9430
9670
9416
9431
9671
9417
9432
9672
9418
9433
9673
9419
9434
9674
9420
9435
9675
9421
9436
9676
9422
9437
9677
9423
9438
9678
9439
9679
9425
9440
9680
9426
9441
9681
9427
9442
9682
9428
9443
9683
9429
9444
9684
9430
9445
9685
9431
9446
9686
9432
9447
9687
9433
9448
9688
9434
9449
9689
9435
9450
9690
9436
9451
9691
9437
9452
9692
9438
9453
9693
9439
9454
9694
9455
9695
9441
9456
9696
9442
9457
9697
9443
9458
9698
9444
9459
9699
9445
9460
9700
9446
9461
9701
9447
9462
9702
9448
9463
9703
9449
9464
9704
9450
9465
9705
9451
9466
9706
9452
9467
9707
9453
9468
9708
9454
9469
9709
9455
9470
9710
9471
9711
9457
9712
9458
9713
9459
9714
9460
9715
9461
9716
9462
9717
9463
9718
9464
9719
9465
9720
9466
9721
9467
9722
9468
9723
9469
9724
9470
9725
9471
9726
9727
9473
9488
9728
9474
9489
9729
9475
9490
9730
9476
9491
9731
9477
9492
9732
9478
9493
9733
9479
9494
9734
9480
9495
9735
9481
9496
9736
9482
9497
9737
9483
9498
9738
9484
9499
9739
9485
9500
9740
9486
9501
9741
9487
9502
9742
9503
9743
9489
9504
9744
9490
9505
9745
9491
9506
9746
9492
9507
9747
9493
9508
9748
9494
9509
9749
9495
9510
9750
9496
9511
9751
9497
9512
9752
9498
9513
9753
9499
9514
9754
9500
9515
9755
9501
9516
9756
9502
9517
9757
9503
9518
9758
9519
9759
9505
9520
9760
9506
9521
9761
9507
9522
9762
9508
9523
9763
9509
9524
9764
9510
9525
9765
9511
9526
9766
9512
9527
9767
9513
9528
9768
9514
9529
9769
9515
9530
9770
9516
9531
9771
9517
9532
9772
9518
9533
9773
9519
9534
9774
9535
9775
9521
9536
9776
9522
9537
9777
9523
9538
9778
9524
9539
9779
9525
9540
9780
9526
9541
9781
9527
9542
9782
9528
9543
9783
9529
9544
9784
9530
9545
9785
9531
9546
9786
9532
9547
9787
9533
9548
9788
9534
9549
9789
9535
9550
9790
9551
9791
9537
9552
9792
9538
9553
9793
9539
9554
9794
9540
9555
9795
9541
9556
9796
9542
9557
9797
9543
9558
9798
9544
9559
9799
9545
9560
9800
9546
9561
9801
9547
9562
9802
9548
9563
9803
9549
9564
9804
9550
9565
9805
9551
9566
9806
9567
9807
9553
9568
9808
9554
9569
9809
9555
9570
9810
9556
9571
9811
9557
9572
9812
9558
9573
9813
9559
9574
9814
9560
9575
9815
9561
9576
9816
9562
9577
9817
9563
9578
9818
9564
9579
9819
9565
9580
9820
9566
9581
9821
9567
9582
9822
9583
9823
9569
9584
9824
9570
9585
9825
9571
9586
9826
9572
9587
9827
9573
9588
9828
9574
9589
9829
9575
9590
9830
9576
9591
9831
9577
9592
9832
9578
9593
9833
9579
9594
9834
9580
9595
9835
9581
9596
9836
9582
9597
9837
9583
9598
9838
9599
9839
9585
9600
9840
9586
9601
9841
9587
9602
9842
9588
9603
9843
9589
9604
9844
9590
9605
9845
9591
9606
9846
9592
9607
9847
9593
9608
9848
9594
9609
9849
9595
9610
9850
9596
9611
9851
9597
9612
9852
9598
9613
9853
9599
9614
9854
9615
9855
9601
9616
9856
9602
9617
9857
9603
9618
9858
9604
9619
9859
9605
9620
9860
9606
9621
9861
9607
9622
9862
9608
9623
9863
9609
9624
9864
9610
9625
9865
9611
9626
9866
9612
9627
9867
9613
9628
9868
9614
9629
9869
9615
9630
9870
9631
9871
9617
9632
9872
9618
9633
9873
9619
9634
9874
9620
9635
9875
9621
9636
9876
9622
9637
9877
9623
9638
9878
9624
9639
9879
9625
9640
9880
9626
9641
9881
9627
9642
9882
9628
9643
9883
9629
9644
9884
9630
9645
9885
9631
9646
9886
9647
9887
9633
9648
9888
9634
9649
9889
9635
9650
9890
9636
9651
9891
9637
9652
9892
9638
9653
9893
9639
9654
9894
9640
9655
9895
9641
9656
9896
9642
9657
9897
9643
9658
9898
9644
9659
9899
9645
9660
9900
9646
9661
9901
9647
9662
9902
9663
9903
9649
9664
9904
9650
9665
9905
9651
9666
9906
9652
9667
9907
9653
9668
9908
9654
9669
9909
9655
9670
9910
9656
9671
9911
9657
9672
9912
9658
9673
9913
9659
9674
9914
9660
9675
9915
9661
9676
9916
9662
9677
9917
9663
9678
9918
9679
9919
9665
9680
9920
9666
9681
9921
9667
9682
9922
9668
9683
9923
9669
9684
9924
9670
9685
9925
9671
9686
9926
9672
9687
9927
9673
9688
9928
9674
9689
9929
9675
9690
9930
9676
9691
9931
9677
9692
9932
9678
9693
9933
9679
9694
9934
9695
9935
9681
9696
9936
9682
9697
9937
9683
9698
9938
9684
9699
9939
9685
9700
9940
9686
9701
9941
9687
9702
9942
9688
9703
9943
9689
9704
9944
9690
9705
9945
9691
9706
9946
9692
9707
9947
9693
9708
9948
9694
9709
9949
9695
9710
9950
9711
9951
9697
9712
9952
9698
9713
9953
9699
9714
9954
9700
9715
9955
9701
9716
9956
9702
9717
9957
9703
9718
9958
9704
9719
9959
9705
9720
9960
9706
9721
9961
9707
9722
9962
9708
9723
9963
9709
9724
9964
9710
9725
9965
9711
9726
9966
9727
9967
9713
9968
9714
9969
9715
9970
9716
9971
9717
9972
9718
9973
9719
9974
9720
9975
9721
9976
9722
9977
9723
9978
9724
9979
9725
9980
9726
9981
9727
9982
9983
9729
9744
9984
9730
9745
9985
9731
9746
9986
9732
9747
9987
9733
9748
9988
9734
9749
9989
9735
9750
9990
9736
9751
9991
9737
9752
9992
9738
9753
9993
9739
9754
9994
9740
9755
9995
9741
9756
9996
9742
9757
9997
9743
9758
9998
9759
9999
9745
9760
10000
9746
9761
10001
9747
9762
10002
9748
9763
10003
9749
9764
10004
9750
9765
10005
9751
9766
10006
9752
9767
10007
9753
9768
10008
9754
9769
10009
9755
9770
10010
9756
9771
10011
9757
9772
10012
9758
9773
10013
9759
9774
10014
9775
10015
9761
9776
10016
9762
9777
10017
9763
9778
10018
9764
9779
10019
9765
9780
10020
9766
9781
10021
9767
9782
10022
9768
9783
10023
9769
9784
10024
9770
9785
10025
9771
9786
10026
9772
9787
10027
9773
9788
10028
9774
9789
10029
9775
9790
10030
9791
10031
9777
9792
10032
9778
9793
10033
9779
9794
10034
9780
9795
10035
9781
9796
10036
9782
9797
10037
9783
9798
10038
9784
9799
10039
9785
9800
10040
9786
9801
10041
9787
9802
10042
9788
9803
10043
9789
9804
10044
9790
9805
10045
9791
9806
10046
9807
10047
9793
9808
10048
9794
9809
10049
9795
9810
10050
9796
9811
10051
9797
9812
10052
9798
9813
10053
9799
9814
10054
9800
9815
10055
9801
9816
10056
9802
9817
10057
9803
9818
10058
9804
9819
10059
9805
9820
10060
9806
9821
10061
9807
9822
10062
9823
10063
9809
9824
10064
9810
9825
10065
9811
9826
10066
9812
9827
10067
9813
9828
10068
9814
9829
10069
9815
9830
10070
9816
9831
10071
9817
9832
10072
9818
9833
10073
9819
9834
10074
9820
9835
10075
9821
9836
10076
9822
9837
10077
9823
9838
10078
9839
10079
9825
9840
10080
9826
9841
10081
9827
9842
10082
9828
9843
10083
9829
9844
10084
9830
9845
10085
9831
9846
10086
9832
9847
10087
9833
9848
10088
9834
9849
10089
9835
9850
10090
9836
9851
10091
9837
9852
10092
9838
9853
10093
9839
9854
10094
9855
10095
9841
9856
10096
9842
9857
10097
9843
9858
10098
9844
9859
10099
9845
9860
10100
9846
9861
10101
9847
9862
10102
9848
9863
10103
9849
9864
10104
9850
9865
10105
9851
9866
10106
9852
9867
10107
9853
9868
10108
9854
9869
10109
9855
9870
10110
9871
10111
9857
9872
10112
9858
9873
10113
9859
9874
10114
9860
9875
10115
9861
9876
10116
9862
9877
10117
9863
9878
10118
9864
9879
10119
9865
9880
10120
9866
9881
10121
9867
9882
10122
9868
9883
10123
9869
9884
10124
9870
9885
10125
9871
9886
10126
9887
10127
9873
9888
10128
9874
9889
10129
9875
9890
10130
9876
9891
10131
9877
9892
10132
9878
9893
10133
9879
9894
10134
9880
9895
10135
9881
9896
10136
9882
9897
10137
9883
9898
10138
9884
9899
10139
9885
9900
10140
9886
9901
10141
9887
9902
10142
9903
10143
9889
9904
10144
9890
9905
10145
9891
9906
10146
9892
9907
10147
9893
9908
10148
9894
9909
10149
9895
9910
10150
9896
9911
10151
9897
9912
10152
9898
9913
10153
9899
9914
10154
9900
9915
10155
9901
9916
10156
9902
9917
10157
9903
9918
10158
9919
10159
9905
9920
10160
9906
9921
10161
9907
9922
10162
9908
9923
10163
9909
9924
10164
9910
9925
10165
9911
9926
10166
9912
9927
10167
9913
9928
10168
9914
9929
10169
9915
9930
10170
9916
9931
10171
9917
9932
10172
9918
9933
10173
9919
9934
10174
9935
10175
9921
9936
10176
9922
9937
10177
9923
9938
10178
9924
9939
10179
9925
9940
10180
9926
9941
10181
9927
9942
10182
9928
9943
10183
9929
9944
10184
9930
9945
10185
9931
9946
10186
9932
9947
10187
9933
9948
10188
9934
9949
10189
9935
9950
10190
9951
10191
9937
9952
10192
9938
9953
10193
9939
9954
10194
9940
9955
10195
9941
9956
10196
9942
9957
10197
9943
9958
10198
9944
9959
10199
9945
9960
10200
9946
9961
10201
9947
9962
10202
9948
9963
10203
9949
9964
10204
9950
9965
10205
9951
9966
10206
9967
10207
9953
9968
10208
9954
9969
10209
9955
9970
10210
9956
9971
10211
9957
9972
10212
9958
9973
10213
9959
9974
10214
9960
9975
10215
9961
9976
10216
9962
9977
10217
9963
9978
10218
9964
9979
10219
9965
9980
10220
9966
9981
10221
9967
9982
10222
9983
10223
9969
10224
9970
10225
9971
10226
9972
10227
9973
10228
9974
10229
9975
10230
9976
10231
9977
10232
9978
10233
9979
10234
9980
10235
9981
10236
9982
10237
9983
10238
10239
9985
10000
10240
9986
10001
10241
9987
10002
10242
9988
10003
10243
9989
10004
10244
9990
10005
10245
9991
10006
10246
9992
10007
10247
9993
10008
10248
9994
10009
10249
9995
10010
10250
9996
10011
10251
9997
10012
10252
9998
10013
10253
9999
10014
10254
10015
10255
10001
10016
10256
10002
10017
10257
10003
10018
10258
10004
10019
10259
10005
10020
10260
10006
10021
10261
10007
10022
10262
10008
10023
10263
10009
10024
10264
10010
10025
10265
10011
10026
10266
10012
10027
10267
10013
10028
10268
10014
10029
10269
10015
10030
10270
10031
10271
10017
10032
10272
10018
10033
10273
10019
10034
10274
10020
10035
10275
10021
10036
10276
10022
10037
10277
10023
10038
10278
10024
10039
10279
10025
10040
10280
10026
10041
10281
10027
10042
10282
10028
10043
10283
10029
10044
10284
10030
10045
10285
10031
10046
10286
10047
10287
10033
10048
10288
10034
10049
10289
10035
10050
10290
10036
10051
10291
10037
10052
10292
10038
10053
10293
10039
10054
10294
10040
10055
10295
10041
10056
10296
10042
10057
10297
10043
10058
10298
10044
10059
10299
10045
10060
10300
10046
10061
10301
10047
10062
10302
10063
10303
10049
10064
10304
10050
10065
10305
10051
10066
10306
10052
10067
10307
10053
10068
10308
10054
10069
10309
10055
10070
10310
10056
10071
10311
10057
10072
10312
10058
10073
10313
10059
10074
10314
10060
10075
10315
10061
10076
10316
10062
10077
10317
10063
10078
10318
10079
10319
10065
10080
10320
10066
10081
10321
10067
10082
10322
10068
10083
10323
10069
10084
10324
10070
10085
10325
10071
10086
10326
10072
10087
10327
10073
10088
10328
10074
10089
10329
10075
10090
10330
10076
10091
10331
10077
10092
10332
10078
10093
10333
10079
10094
10334
10095
10335
10081
10096
10336
10082
10097
10337
10083
10098
10338
10084
10099
10339
10085
10100
10340
10086
10101
10341
10087
10102
10342
10088
10103
10343
10089
10104
10344
10090
10105
10345
10091
10106
10346
10092
10107
10347
10093
10108
10348
10094
10109
10349
10095
10110
10350
10111
10351
10097
10112
10352
10098
10113
10353
10099
10114
10354
10100
10115
10355
10101
10116
10356
10102
10117
10357
10103
10118
10358
10104
10119
10359
10105
10120
10360
10106
10121
10361
10107
10122
10362
10108
10123
10363
10109
10124
10364
10110
10125
10365
10111
10126
10366
10127
10367
10113
10128
10368
10114
10129
10369
10115
10130
10370
10116
10131
10371
10117
10132
10372
10118
10133
10373
10119
10134
10374
10120
10135
10375
10121
10136
10376
10122
10137
10377
10123
10138
10378
10124
10139
10379
10125
10140
10380
10126
10141
10381
10127
10142
10382
10143
10383
10129
10144
10384
10130
10145
10385
10131
10146
10386
10132
10147
10387
10133
10148
10388
10134
10149
10389
10135
10150
10390
10136
10151
10391
10137
10152
10392
10138
10153
10393
10139
10154
10394
10140
10155
10395
10141
10156
10396
10142
10157
10397
10143
10158
10398
10159
10399
10145
10160
10400
10146
10161
10401
10147
10162
10402
10148
10163
10403
10149
10164
10404
10150
10165
10405
10151
10166
10406
10152
10167
10407
10153
10168
10408
10154
10169
10409
10155
10170
10410
10156
10171
10411
10157
10172
10412
10158
10173
10413
10159
10174
10414
10175
10415
10161
10176
10416
10162
10177
10417
10163
10178
10418
10164
10179
10419
10165
10180
10420
10166
10181
10421
10167
10182
10422
10168
10183
10423
10169
10184
10424
10170
10185
10425
10171
10186
10426
10172
10187
10427
10173
10188
10428
10174
10189
10429
10175
10190
10430
10191
10431
10177
10192
10432
10178
10193
10433
10179
10194
10434
10180
10195
10435
10181
10196
10436
10182
10197
10437
10183
10198
10438
10184
10199
10439
10185
10200
10440
10186
10201
10441
10187
10202
10442
10188
10203
10443
10189
10204
10444
10190
10205
10445
10191
10206
10446
10207
10447
10193
10208
10448
10194
10209
10449
10195
10210
10450
10196
10211
10451
10197
10212
10452
10198
10213
10453
10199
10214
10454
10200
10215
10455
10201
10216
10456
10202
10217
10457
10203
10218
10458
10204
10219
10459
10205
10220
10460
10206
10221
10461
10207
10222
10462
10223
10463
10209
10224
10464
10210
10225
10465
10211
10226
10466
10212
10227
10467
10213
10228
10468
10214
10229
10469
10215
10230
10470
10216
10231
10471
10217
10232
10472
10218
10233
10473
10219
10234
10474
10220
10235
10475
10221
10236
10476
10222
10237
10477
10223
10238
10478
10239
10479
10225
10480
10226
10481
10227
10482
10228
10483
10229
10484
10230
10485
10231
10486
10232
10487
10233
10488
10234
10489
10235
10490
10236
10491
10237
10492
10238
10493
10239
10494
10495
10241
10256
10496
10242
10257
10497
10243
10258
10498
10244
10259
10499
10245
10260
10500
10246
10261
10501
10247
10262
10502
10248
10263
10503
10249
10264
10504
10250
10265
10505
10251
10266
10506
10252
10267
10507
10253
10268
10508
10254
10269
10509
10255
10270
10510
10271
10511
10257
10272
10512
10258
10273
10513
10259
10274
10514
10260
10275
10515
10261
10276
10516
10262
10277
10517
10263
10278
10518
10264
10279
10519
10265
10280
10520
10266
10281
10521
10267
10282
10522
10268
10283
10523
10269
10284
10524
10270
10285
10525
10271
10286
10526
10287
10527
10273
10288
10528
10274
10289
10529
10275
10290
10530
10276
10291
10531
10277
10292
10532
10278
10293
10533
10279
10294
10534
10280
10295
10535
10281
10296
10536
10282
10297
10537
10283
10298
10538
10284
10299
10539
10285
10300
10540
10286
10301
10541
10287
10302
10542
10303
10543
10289
10304
10544
10290
10305
10545
10291
10306
10546
10292
10307
10547
10293
10308
10548
10294
10309
10549
10295
10310
10550
10296
10311
10551
10297
10312
10552
10298
10313
10553
10299
10314
10554
10300
10315
10555
10301
10316
10556
10302
10317
10557
10303
10318
10558
10319
10559
10305
10320
10560
10306
10321
10561
10307
10322
10562
10308
10323
10563
10309
10324
10564
10310
10325
10565
10311
10326
10566
10312
10327
10567
10313
10328
10568
10314
10329
10569
10315
10330
10570
10316
10331
10571
10317
10332
10572
10318
10333
10573
10319
10334
10574
10335
10575
10321
10336
10576
10322
10337
10577
10323
10338
10578
10324
10339
10579
10325
10340
10580
10326
10341
10581
10327
10342
10582
10328
10343
10583
10329
10344
10584
10330
10345
10585
10331
10346
10586
10332
10347
10587
10333
10348
10588
10334
10349
10589
10335
10350
10590
10351
10591
10337
10352
10592
10338
10353
10593
10339
10354
10594
10340
10355
10595
10341
10356
10596
10342
10357
10597
10343
10358
10598
10344
10359
10599
10345
10360
10600
10346
10361
10601
10347
10362
10602
10348
10363
10603
10349
10364
10604
10350
10365
10605
10351
10366
10606
10367
10607
10353
10368
10608
10354
10369
10609
10355
10370
10610
10356
10371
10611
10357
10372
10612
10358
10373
10613
10359
10374
10614
10360
10375
10615
10361
10376
10616
10362
10377
10617
10363
10378
10618
10364
10379
10619
10365
10380
10620
10366
10381
10621
10367
10382
10622
10383
10623
10369
10384
10624
10370
10385
10625
10371
10386
10626
10372
10387
10627
10373
10388
10628
10374
10389
10629
10375
10390
10630
10376
10391
10631
10377
10392
10632
10378
10393
10633
10379
10394
10634
10380
10395
10635
10381
10396
10636
10382
10397
10637
10383
10398
10638
10399
10639
10385
10400
10640
10386
10401
10641
10387
10402
10642
10388
10403
10643
10389
10404
10644
10390
10405
10645
10391
10406
10646
10392
10407
10647
10393
10408
10648
10394
10409
10649
10395
10410
10650
10396
10411
10651
10397
10412
10652
10398
10413
10653
10399
10414
10654
10415
10655
10401
10416
10656
10402
10417
10657
10403
10418
10658
10404
10419
10659
10405
10420
10660
10406
10421
10661
10407
10422
10662
10408
10423
10663
10409
10424
10664
10410
10425
10665
10411
10426
10666
10412
10427
10667
10413
10428
10668
10414
10429
10669
10415
10430
10670
10431
10671
10417
10432
10672
10418
10433
10673
10419
10434
10674
10420
10435
10675
10421
10436
10676
10422
10437
10677
10423
10438
10678
10424
10439
10679
10425
10440
10680
10426
10441
10681
10427
10442
10682
10428
10443
10683
10429
10444
10684
10430
10445
10685
10431
10446
10686
10447
10687
10433
10448
10688
10434
10449
10689
10435
10450
10690
10436
10451
10691
10437
10452
10692
10438
10453
10693
10439
10454
10694
10440
10455
10695
10441
10456
10696
10442
10457
10697
10443
10458
10698
10444
10459
10699
10445
10460
10700
10446
10461
10701
10447
10462
10702
10463
10703
10449
10464
10704
10450
10465
10705
10451
10466
10706
10452
10467
10707
10453
10468
10708
10454
10469
10709
10455
10470
10710
10456
10471
10711
10457
10472
10712
10458
10473
10713
10459
10474
10714
10460
10475
10715
10461
10476
10716
10462
10477
10717
10463
10478
10718
10479
10719
10465
10480
10720
10466
10481
10721
10467
10482
10722
10468
10483
10723
10469
10484
10724
10470
10485
10725
10471
10486
10726
10472
10487
10727
10473
10488
10728
10474
10489
10729
10475
10490
10730
10476
10491
10731
10477
10492
10732
10478
10493
10733
10479
10494
10734
10495
10735
10481
10736
10482
10737
10483
10738
10484
10739
10485
10740
10486
10741
10487
10742
10488
10743
10489
10744
10490
10745
10491
10746
10492
10747
10493
10748
10494
10749
10495
10750
10751
10497
10512
10752
10498
10513
10753
10499
10514
10754
10500
10515
10755
10501
10516
10756
10502
10517
10757
10503
10518
10758
10504
10519
10759
10505
10520
10760
10506
10521
10761
10507
10522
10762
10508
10523
10763
10509
10524
10764
10510
10525
10765
10511
10526
10766
10527
10767
10513
10528
10768
10514
10529
10769
10515
10530
10770
10516
10531
10771
10517
10532
10772
10518
10533
10773
10519
10534
10774
10520
10535
10775
10521
10536
10776
10522
10537
10777
10523
10538
10778
10524
10539
10779
10525
10540
10780
10526
10541
10781
10527
10542
10782
10543
10783
10529
10544
10784
10530
10545
10785
10531
10546
10786
10532
10547
10787
10533
10548
10788
10534
10549
10789
10535
10550
10790
10536
10551
10791
10537
10552
10792
10538
10553
10793
10539
10554
10794
10540
10555
10795
10541
10556
10796
10542
10557
10797
10543
10558
10798
10559
10799
10545
10560
10800
10546
10561
10801
10547
10562
10802
10548
10563
10803
10549
10564
10804
10550
10565
10805
10551
10566
10806
10552
10567
10807
10553
10568
10808
10554
10569
10809
10555
10570
10810
10556
10571
10811
10557
10572
10812
10558
10573
10813
10559
10574
10814
10575
10815
10561
10576
10816
10562
10577
10817
10563
10578
10818
10564
10579
10819
10565
10580
10820
10566
10581
10821
10567
10582
10822
10568
10583
10823
10569
10584
10824
10570
10585
10825
10571
10586
10826
10572
10587
10827
10573
10588
10828
10574
10589
10829
10575
10590
10830
10591
10831
10577
10592
10832
10578
10593
10833
10579
10594
10834
10580
10595
10835
10581
10596
10836
10582
10597
10837
10583
10598
10838
10584
10599
10839
10585
10600
10840
10586
10601
10841
10587
10602
10842
10588
10603
10843
10589
10604
10844
10590
10605
10845
10591
10606
10846
10607
10847
10593
10608
10848
10594
10609
10849
10595
10610
10850
10596
10611
10851
10597
10612
10852
10598
10613
10853
10599
10614
10854
10600
10615
10855
10601
10616
10856
10602
10617
10857
10603
10618
10858
10604
10619
10859
10605
10620
10860
10606
10621
10861
10607
10622
10862
10623
10863
10609
10624
10864
10610
10625
10865
10611
10626
10866
10612
10627
10867
10613
10628
10868
10614
10629
10869
10615
10630
10870
10616
10631
10871
10617
10632
10872
10618
10633
10873
10619
10634
10874
10620
10635
10875
10621
10636
10876
10622
10637
10877
10623
10638
10878
10639
10879
10625
10640
10880
10626
10641
10881
10627
10642
10882
10628
10643
10883
10629
10644
10884
10630
10645
10885
10631
10646
10886
10632
10647
10887
10633
10648
10888
10634
10649
10889
10635
10650
10890
10636
10651
10891
10637
10652
10892
10638
10653
10893
10639
10654
10894
10655
10895
10641
10656
10896
10642
10657
10897
10643
10658
10898
10644
10659
10899
10645
10660
10900
10646
10661
10901
10647
10662
10902
10648
10663
10903
10649
10664
10904
10650
10665
10905
10651
10666
10906
10652
10667
10907
10653
10668
10908
10654
10669
10909
10655
10670
10910
10671
10911
10657
10672
10912
10658
10673
10913
10659
10674
10914
10660
10675
10915
10661
10676
10916
10662
10677
10917
10663
10678
10918
10664
10679
10919
10665
10680
10920
10666
10681
10921
10667
10682
10922
10668
10683
10923
10669
10684
10924
10670
10685
10925
10671
10686
10926
10687
10927
10673
10688
10928
10674
10689
10929
10675
10690
10930
10676
10691
10931
10677
10692
10932
10678
10693
10933
10679
10694
10934
10680
10695
10935
10681
10696
10936
10682
10697
10937
10683
10698
10938
10684
10699
10939
10685
10700
10940
10686
10701
10941
10687
10702
10942
10703
10943
10689
10704
10944
10690
10705
10945
10691
10706
10946
10692
10707
10947
10693
10708
10948
10694
10709
10949
10695
10710
10950
10696
10711
10951
10697
10712
10952
10698
10713
10953
10699
10714
10954
10700
10715
10955
10701
10716
10956
10702
10717
10957
10703
10718
10958
10719
10959
10705
10720
10960
10706
10721
10961
10707
10722
10962
10708
10723
10963
10709
10724
10964
10710
10725
10965
10711
10726
10966
10712
10727
10967
10713
10728
10968
10714
10729
10969
10715
10730
10970
10716
10731
10971
10717
10732
10972
10718
10733
10973
10719
10734
10974
10735
10975
10721
10736
10976
10722
10737
10977
10723
10738
10978
10724
10739
10979
10725
10740
10980
10726
10741
10981
10727
10742
10982
10728
10743
10983
10729
10744
10984
10730
10745
10985
10731
10746
10986
10732
10747
10987
10733
10748
10988
10734
10749
10989
10735
10750
10990
10751
10991
10737
10992
10738
10993
10739
10994
10740
10995
10741
10996
10742
10997
10743
10998
10744
10999
10745
11000
10746
11001
10747
11002
10748
11003
10749
11004
10750
11005
10751
11006
11007
10753
10768
11008
10754
10769
11009
10755
10770
11010
10756
10771
11011
10757
10772
11012
10758
10773
11013
10759
10774
11014
10760
10775
11015
10761
10776
11016
10762
10777
11017
10763
10778
11018
10764
10779
11019
10765
10780
11020
10766
10781
11021
10767
10782
11022
10783
11023
10769
10784
11024
10770
10785
11025
10771
10786
11026
10772
10787
11027
10773
10788
11028
10774
10789
11029
10775
10790
11030
10776
10791
11031
10777
10792
11032
10778
10793
11033
10779
10794
11034
10780
10795
11035
10781
10796
11036
10782
10797
11037
10783
10798
11038
10799
11039
10785
10800
11040
10786
10801
11041
10787
10802
11042
10788
10803
11043
10789
10804
11044
10790
10805
11045
10791
10806
11046
10792
10807
11047
10793
10808
11048
10794
10809
11049
10795
10810
11050
10796
10811
11051
10797
10812
11052
10798
10813
11053
10799
10814
11054
10815
11055
10801
10816
11056
10802
10817
11057
10803
10818
11058
10804
10819
11059
10805
10820
11060
10806
10821
11061
10807
10822
11062
10808
10823
11063
10809
10824
11064
10810
10825
11065
10811
10826
11066
10812
10827
11067
10813
10828
11068
10814
10829
11069
10815
10830
11070
10831
11071
10817
10832
11072
10818
10833
11073
10819
10834
11074
10820
10835
11075
10821
10836
11076
10822
10837
11077
10823
10838
11078
10824
10839
11079
10825
10840
11080
10826
10841
11081
10827
10842
11082
10828
10843
11083
10829
10844
11084
10830
10845
11085
10831
10846
11086
10847
11087
10833
10848
11088
10834
10849
11089
10835
10850
11090
10836
10851
11091
10837
10852
11092
10838
10853
11093
10839
10854
11094
10840
10855
11095
10841
10856
11096
10842
10857
11097
10843
10858
11098
10844
10859
11099
10845
10860
11100
10846
10861
11101
10847
10862
11102
10863
11103
10849
10864
11104
10850
10865
11105
10851
10866
11106
10852
10867
11107
10853
10868
11108
10854
10869
11109
10855
10870
11110
10856
10871
11111
10857
10872
11112
10858
10873
11113
10859
10874
11114
10860
10875
11115
10861
10876
11116
10862
10877
11117
10863
10878
11118
10879
11119
10865
10880
11120
10866
10881
11121
10867
10882
11122
10868
10883
11123
10869
10884
11124
10870
10885
11125
10871
10886
11126
10872
10887
11127
10873
10888
11128
10874
10889
11129
10875
10890
11130
10876
10891
11131
10877
10892
11132
10878
10893
11133
10879
10894
11134
10895
11135
10881
10896
11136
10882
10897
11137
10883
10898
11138
10884
10899
11139
10885
10900
11140
10886
10901
11141
10887
10902
11142
10888
10903
11143
10889
10904
11144
10890
10905
11145
10891
10906
11146
10892
10907
11147
10893
10908
11148
10894
10909
11149
10895
10910
11150
10911
11151
10897
10912
11152
10898
10913
11153
10899
10914
11154
10900
10915
11155
10901
10916
11156
10902
10917
11157
10903
10918
11158
10904
10919
11159
10905
10920
11160
10906
10921
11161
10907
10922
11162
10908
10923
11163
10909
10924
11164
10910
10925
11165
10911
10926
11166
10927
11167
10913
10928
11168
10914
10929
11169
10915
10930
11170
10916
10931
11171
10917
10932
11172
10918
10933
11173
10919
10934
11174
10920
10935
11175
10921
10936
11176
10922
10937
11177
10923
10938
11178
10924
10939
11179
10925
10940
11180
10926
10941
11181
10927
10942
11182
10943
11183
10929
10944
11184
10930
10945
11185
10931
10946
11186
10932
10947
11187
10933
10948
11188
10934
10949
11189
10935
10950
11190
10936
10951
11191
10937
10952
11192
10938
10953
11193
10939
10954
11194
10940
10955
11195
10941
10956
11196
10942
10957
11197
10943
10958
11198
10959
11199
10945
10960
11200
10946
10961
11201
10947
10962
11202
10948
10963
11203
10949
10964
11204
10950
10965
11205
10951
10966
11206
10952
10967
11207
10953
10968
11208
10954
10969
11209
10955
10970
11210
10956
10971
11211
10957
10972
11212
10958
10973
11213
10959
10974
11214
10975
11215
10961
10976
11216
10962
10977
11217
10963
10978
11218
10964
10979
11219
10965
10980
11220
10966
10981
11221
10967
10982
11222
10968
10983
11223
10969
10984
11224
10970
10985
11225
10971
10986
11226
10972
10987
11227
10973
10988
11228
10974
10989
11229
10975
10990
11230
10991
11231
10977
10992
11232
10978
10993
11233
10979
10994
11234
10980
10995
11235
10981
10996
11236
10982
10997
11237
10983
10998
11238
10984
10999
11239
10985
11000
11240
10986
11001
11241
10987
11002
11242
10988
11003
11243
10989
11004
11244
10990
11005
11245
10991
11006
11246
11007
11247
10993
11248
10994
11249
10995
11250
10996
11251
10997
11252
10998
11253
10999
11254
11000
11255
11001
11256
11002
11257
11003
11258
11004
11259
11005
11260
11006
11261
11007
11262
11263
11009
11024
11264
11010
11025
11265
11011
11026
11266
11012
11027
11267
11013
11028
11268
11014
11029
11269
11015
11030
11270
11016
11031
11271
11017
11032
11272
11018
11033
11273
11019
11034
11274
11020
11035
11275
11021
11036
11276
11022
11037
11277
11023
11038
11278
11039
11279
11025
11040
11280
11026
11041
11281
11027
11042
11282
11028
11043
11283
11029
11044
11284
11030
11045
11285
11031
11046
11286
11032
11047
11287
11033
11048
11288
11034
11049
11289
11035
11050
11290
11036
11051
11291
11037
11052
11292
11038
11053
11293
11039
11054
11294
11055
11295
11041
11056
11296
11042
11057
11297
11043
11058
11298
11044
11059
11299
11045
11060
11300
11046
11061
11301
11047
11062
11302
11048
11063
11303
11049
11064
11304
11050
11065
11305
11051
11066
11306
11052
11067
11307
11053
11068
11308
11054
11069
11309
11055
11070
11310
11071
11311
11057
11072
11312
11058
11073
11313
11059
11074
11314
11060
11075
11315
11061
11076
11316
11062
11077
11317
11063
11078
11318
11064
11079
11319
11065
11080
11320
11066
11081
11321
11067
11082
11322
11068
11083
11323
11069
11084
11324
11070
11085
11325
11071
11086
11326
11087
11327
11073
11088
11328
11074
11089
11329
11075
11090
11330
11076
11091
11331
11077
11092
11332
11078
11093
11333
11079
11094
11334
11080
11095
11335
11081
11096
11336
11082
11097
11337
11083
11098
11338
11084
11099
11339
11085
11100
11340
11086
11101
11341
11087
11102
11342
11103
11343
11089
11104
11344
11090
11105
11345
11091
11106
11346
11092
11107
11347
11093
11108
11348
11094
11109
11349
11095
11110
11350
11096
11111
11351
11097
11112
11352
11098
11113
11353
11099
11114
11354
11100
11115
11355
11101
11116
11356
11102
11117
11357
11103
11118
11358
11119
11359
11105
11120
11360
11106
11121
11361
11107
11122
11362
11108
11123
11363
11109
11124
11364
11110
11125
11365
11111
11126
11366
11112
11127
11367
11113
11128
11368
11114
11129
11369
11115
11130
11370
11116
11131
11371
11117
11132
11372
11118
11133
11373
11119
11134
11374
11135
11375
11121
11136
11376
11122
11137
11377
11123
11138
11378
11124
11139
11379
11125
11140
11380
11126
11141
11381
11127
11142
11382
11128
11143
11383
11129
11144
11384
11130
11145
11385
11131
11146
11386
11132
11147
11387
11133
11148
11388
11134
11149
11389
11135
11150
11390
11151
11391
11137
11152
11392
11138
11153
11393
11139
11154
11394
11140
11155
11395
11141
11156
11396
11142
11157
11397
11143
11158
11398
11144
11159
11399
11145
11160
11400
11146
11161
11401
11147
11162
11402
11148
11163
11403
11149
11164
11404
11150
11165
11405
11151
11166
11406
11167
11407
11153
11168
11408
11154
11169
11409
11155
11170
11410
11156
11171
11411
11157
11172
11412
11158
11173
11413
11159
11174
11414
11160
11175
11415
11161
11176
11416
11162
11177
11417
11163
11178
11418
11164
11179
11419
11165
11180
11420
11166
11181
11421
11167
11182
11422
11183
11423
11169
11184
11424
11170
11185
11425
11171
11186
11426
11172
11187
11427
11173
11188
11428
11174
11189
11429
11175
11190
11430
11176
11191
11431
11177
11192
11432
11178
11193
11433
11179
11194
11434
11180
11195
11435
11181
11196
11436
11182
11197
11437
11183
11198
11438
11199
11439
11185
11200
11440
11186
11201
11441
11187
11202
11442
11188
11203
11443
11189
11204
11444
11190
11205
11445
11191
11206
11446
11192
11207
11447
11193
11208
11448
11194
11209
11449
11195
11210
11450
11196
11211
11451
11197
11212
11452
11198
11213
11453
11199
11214
11454
11215
11455
11201
11216
11456
11202
11217
11457
11203
11218
11458
11204
11219
11459
11205
11220
11460
11206
11221
11461
11207
11222
11462
11208
11223
11463
11209
11224
11464
11210
11225
11465
11211
11226
11466
11212
11227
11467
11213
11228
11468
11214
11229
11469
11215
11230
11470
11231
11471
11217
11232
11472
11218
11233
11473
11219
11234
11474
11220
11235
11475
11221
11236
11476
11222
11237
11477
11223
11238
11478
11224
11239
11479
11225
11240
11480
11226
11241
11481
11227
11242
11482
11228
11243
11483
11229
11244
11484
11230
11245
11485
11231
11246
11486
11247
11487
11233
11248
11488
11234
11249
11489
11235
11250
11490
11236
11251
11491
11237
11252
11492
11238
11253
11493
11239
11254
11494
11240
11255
11495
11241
11256
11496
11242
11257
11497
11243
11258
11498
11244
11259
11499
11245
11260
11500
11246
11261
11501
11247
11262
11502
11263
11503
11249
11504
11250
11505
11251
11506
11252
11507
11253
11508
11254
11509
11255
11510
11256
11511
11257
11512
11258
11513
11259
11514
11260
11515
11261
11516
11262
11517
11263
11518
11519
11265
11280
11520
11266
11281
11521
11267
11282
11522
11268
11283
11523
11269
11284
11524
11270
11285
11525
11271
11286
11526
11272
11287
11527
11273
11288
11528
11274
11289
11529
11275
11290
11530
11276
11291
11531
11277
11292
11532
11278
11293
11533
11279
11294
11534
11295
11535
11281
11296
11536
11282
11297
11537
11283
11298
11538
11284
11299
11539
11285
11300
11540
11286
11301
11541
11287
11302
11542
11288
11303
11543
11289
11304
11544
11290
11305
11545
11291
11306
11546
11292
11307
11547
11293
11308
11548
11294
11309
11549
11295
11310
11550
11311
11551
11297
11312
11552
11298
11313
11553
11299
11314
11554
11300
11315
11555
11301
11316
11556
11302
11317
11557
11303
11318
11558
11304
11319
11559
11305
11320
11560
11306
11321
11561
11307
11322
11562
11308
11323
11563
11309
11324
11564
11310
11325
11565
11311
11326
11566
11327
11567
11313
11328
11568
11314
11329
11569
11315
11330
11570
11316
11331
11571
11317
11332
11572
11318
11333
11573
11319
11334
11574
11320
11335
11575
11321
11336
11576
11322
11337
11577
11323
11338
11578
11324
11339
11579
11325
11340
11580
11326
11341
11581
11327
11342
11582
11343
11583
11329
11344
11584
11330
11345
11585
11331
11346
11586
11332
11347
11587
11333
11348
11588
11334
11349
11589
11335
11350
11590
11336
11351
11591
11337
11352
11592
11338
11353
11593
11339
11354
11594
11340
11355
11595
11341
11356
11596
11342
11357
11597
11343
11358
11598
11359
11599
11345
11360
11600
11346
11361
11601
11347
11362
11602
11348
11363
11603
11349
11364
11604
11350
11365
11605
11351
11366
11606
11352
11367
11607
11353
11368
11608
11354
11369
11609
11355
11370
11610
11356
11371
11611
11357
11372
11612
11358
11373
11613
11359
11374
11614
11375
11615
11361
11376
11616
11362
11377
11617
11363
11378
11618
11364
11379
11619
11365
11380
11620
11366
11381
11621
11367
11382
11622
11368
11383
11623
11369
11384
11624
11370
11385
11625
11371
11386
11626
11372
11387
11627
11373
11388
11628
11374
11389
11629
11375
11390
11630
11391
11631
11377
11392
11632
11378
11393
11633
11379
11394
11634
11380
11395
11635
11381
11396
11636
11382
11397
11637
11383
11398
11638
11384
11399
11639
11385
11400
11640
11386
11401
11641
11387
11402
11642
11388
11403
11643
11389
11404
11644
11390
11405
11645
11391
11406
11646
11407
11647
11393
11408
11648
11394
11409
11649
11395
11410
11650
11396
11411
11651
11397
11412
11652
11398
11413
11653
11399
11414
11654
11400
11415
11655
11401
11416
11656
11402
11417
11657
11403
11418
11658
11404
11419
11659
11405
11420
11660
11406
11421
11661
11407
11422
11662
11423
11663
11409
11424
11664
11410
11425
11665
11411
11426
11666
11412
11427
11667
11413
11428
11668
11414
11429
11669
11415
11430
11670
11416
11431
11671
11417
11432
11672
11418
11433
11673
11419
11434
11674
11420
11435
11675
11421
11436
11676
11422
11437
11677
11423
11438
11678
11439
11679
11425
11440
11680
11426
11441
11681
11427
11442
11682
11428
11443
11683
11429
11444
11684
11430
11445
11685
11431
11446
11686
11432
11447
11687
11433
11448
11688
11434
11449
11689
11435
11450
11690
11436
11451
11691
11437
11452
11692
11438
11453
11693
11439
11454
11694
11455
11695
11441
11456
11696
11442
11457
11697
11443
11458
11698
11444
11459
11699
11445
11460
11700
11446
11461
11701
11447
11462
11702
11448
11463
11703
11449
11464
11704
11450
11465
11705
11451
11466
11706
11452
11467
11707
11453
11468
11708
11454
11469
11709
11455
11470
11710
11471
11711
11457
11472
11712
11458
11473
11713
11459
11474
11714
11460
11475
11715
11461
11476
11716
11462
11477
11717
11463
11478
11718
11464
11479
11719
11465
11480
11720
11466
11481
11721
11467
11482
11722
11468
11483
11723
11469
11484
11724
11470
11485
11725
11471
11486
11726
11487
11727
11473
11488
11728
11474
11489
11729
11475
11490
11730
11476
11491
11731
11477
11492
11732
11478
11493
11733
11479
11494
11734
11480
11495
11735
11481
11496
11736
11482
11497
11737
11483
11498
11738
11484
11499
11739
11485
11500
11740
11486
11501
11741
11487
11502
11742
11503
11743
11489
11504
11744
11490
11505
11745
11491
11506
11746
11492
11507
11747
11493
11508
11748
11494
11509
11749
11495
11510
11750
11496
11511
11751
11497
11512
11752
11498
11513
11753
11499
11514
11754
11500
11515
11755
11501
11516
11756
11502
11517
11757
11503
11518
11758
11519
11759
11505
11760
11506
11761
11507
11762
11508
11763
11509
11764
11510
11765
11511
11766
11512
11767
11513
11768
11514
11769
11515
11770
11516
11771
11517
11772
11518
11773
11519
11774
11775
11521
11536
11776
11522
11537
11777
11523
11538
11778
11524
11539
11779
11525
11540
11780
11526
11541
11781
11527
11542
11782
11528
11543
11783
11529
11544
11784
11530
11545
11785
11531
11546
11786
11532
11547
11787
11533
11548
11788
11534
11549
11789
11535
11550
11790
11551
11791
11537
11552
11792
11538
11553
11793
11539
11554
11794
11540
11555
11795
11541
11556
11796
11542
11557
11797
11543
11558
11798
11544
11559
11799
11545
11560
11800
11546
11561
11801
11547
11562
11802
11548
11563
11803
11549
11564
11804
11550
11565
11805
11551
11566
11806
11567
11807
11553
11568
11808
11554
11569
11809
11555
11570
11810
11556
11571
11811
11557
11572
11812
11558
11573
11813
11559
11574
11814
11560
11575
11815
11561
11576
11816
11562
11577
11817
11563
11578
11818
11564
11579
11819
11565
11580
11820
11566
11581
11821
11567
11582
11822
11583
11823
11569
11584
11824
11570
11585
11825
11571
11586
11826
11572
11587
11827
11573
11588
11828
11574
11589
11829
11575
11590
11830
11576
11591
11831
11577
11592
11832
11578
11593
11833
11579
11594
11834
11580
11595
11835
11581
11596
11836
11582
11597
11837
11583
11598
11838
11599
11839
11585
11600
11840
11586
11601
11841
11587
11602
11842
11588
11603
11843
11589
11604
11844
11590
11605
11845
11591
11606
11846
11592
11607
11847
11593
11608
11848
11594
11609
11849
11595
11610
11850
11596
11611
11851
11597
11612
11852
11598
11613
11853
11599
11614
11854
11615
11855
11601
11616
11856
11602
11617
11857
11603
11618
11858
11604
11619
11859
11605
11620
11860
11606
11621
11861
11607
11622
11862
11608
11623
11863
11609
11624
11864
11610
11625
11865
11611
11626
11866
11612
11627
11867
11613
11628
11868
11614
11629
11869
11615
11630
11870
11631
11871
11617
11632
11872
11618
11633
11873
11619
11634
11874
11620
11635
11875
11621
11636
11876
11622
11637
11877
11623
11638
11878
11624
11639
11879
11625
11640
11880
11626
11641
11881
11627
11642
11882
11628
11643
11883
11629
11644
11884
11630
11645
11885
11631
11646
11886
11647
11887
11633
11648
11888
11634
11649
11889
11635
11650
11890
11636
11651
11891
11637
11652
11892
11638
11653
11893
11639
11654
11894
11640
11655
11895
11641
11656
11896
11642
11657
11897
11643
11658
11898
11644
11659
11899
11645
11660
11900
11646
11661
11901
11647
11662
11902
11663
11903
11649
11664
11904
11650
11665
11905
11651
11666
11906
11652
11667
11907
11653
11668
11908
11654
11669
11909
11655
11670
11910
11656
11671
11911
11657
11672
11912
11658
11673
11913
11659
11674
11914
11660
11675
11915
11661
11676
11916
11662
11677
11917
11663
11678
11918
11679
11919
11665
11680
11920
11666
11681
11921
11667
11682
11922
11668
11683
11923
11669
11684
11924
11670
11685
11925
11671
11686
11926
11672
11687
11927
11673
11688
11928
11674
11689
11929
11675
11690
11930
11676
11691
11931
11677
11692
11932
11678
11693
11933
11679
11694
11934
11695
11935
11681
11696
11936
11682
11697
11937
11683
11698
11938
11684
11699
11939
11685
11700
11940
11686
11701
11941
11687
11702
11942
11688
11703
11943
11689
11704
11944
11690
11705
11945
11691
11706
11946
11692
11707
11947
11693
11708
11948
11694
11709
11949
11695
11710
11950
11711
11951
11697
11712
11952
11698
11713
11953
11699
11714
11954
11700
11715
11955
11701
11716
11956
11702
11717
11957
11703
11718
11958
11704
11719
11959
11705
11720
11960
11706
11721
11961
11707
11722
11962
11708
11723
11963
11709
11724
11964
11710
11725
11965
11711
11726
11966
11727
11967
11713
11728
11968
11714
11729
11969
11715
11730
11970
11716
11731
11971
11717
11732
11972
11718
11733
11973
11719
11734
11974
11720
11735
11975
11721
11736
11976
11722
11737
11977
11723
11738
11978
11724
11739
11979
11725
11740
11980
11726
11741
11981
11727
11742
11982
11743
11983
11729
11744
11984
11730
11745
11985
11731
11746
11986
11732
11747
11987
11733
11748
11988
11734
11749
11989
11735
11750
11990
11736
11751
11991
11737
11752
11992
11738
11753
11993
11739
11754
11994
11740
11755
11995
11741
11756
11996
11742
11757
11997
11743
11758
11998
11759
11999
11745
11760
12000
11746
11761
12001
11747
11762
12002
11748
11763
12003
11749
11764
12004
11750
11765
12005
11751
11766
12006
11752
11767
12007
11753
11768
12008
11754
11769
12009
11755
11770
12010
11756
11771
12011
11757
11772
12012
11758
11773
12013
11759
11774
12014
11775
12015
11761
12016
11762
12017
11763
12018
11764
12019
11765
12020
11766
12021
11767
12022
11768
12023
11769
12024
11770
12025
11771
12026
11772
12027
11773
12028
11774
12029
11775
12030
12031
11777
11792
12032
11778
11793
12033
11779
11794
12034
11780
11795
12035
11781
11796
12036
11782
11797
12037
11783
11798
12038
11784
11799
12039
11785
11800
12040
11786
11801
12041
11787
11802
12042
11788
11803
12043
11789
11804
12044
11790
11805
12045
11791
11806
12046
11807
12047
11793
11808
12048
11794
11809
12049
11795
11810
12050
11796
11811
12051
11797
11812
12052
11798
11813
12053
11799
11814
12054
11800
11815
12055
11801
11816
12056
11802
11817
12057
11803
11818
12058
11804
11819
12059
11805
11820
12060
11806
11821
12061
11807
11822
12062
11823
12063
11809
11824
12064
11810
11825
12065
11811
11826
12066
11812
11827
12067
11813
11828
12068
11814
11829
12069
11815
11830
12070
11816
11831
12071
11817
11832
12072
11818
11833
12073
11819
11834
12074
11820
11835
12075
11821
11836
12076
11822
11837
12077
11823
11838
12078
11839
12079
11825
11840
12080
11826
11841
12081
11827
11842
12082
11828
11843
12083
11829
11844
12084
11830
11845
12085
11831
11846
12086
11832
11847
12087
11833
11848
12088
11834
11849
12089
11835
11850
12090
11836
11851
12091
11837
11852
12092
11838
11853
12093
11839
11854
12094
11855
12095
11841
11856
12096
11842
11857
12097
11843
11858
12098
11844
11859
12099
11845
11860
12100
11846
11861
12101
11847
11862
12102
11848
11863
12103
11849
11864
12104
11850
11865
12105
11851
11866
12106
11852
11867
12107
11853
11868
12108
11854
11869
12109
11855
11870
12110
11871
12111
11857
11872
12112
11858
11873
12113
11859
11874
12114
11860
11875
12115
11861
11876
12116
11862
11877
12117
11863
11878
12118
11864
11879
12119
11865
11880
12120
11866
11881
12121
11867
11882
12122
11868
11883
12123
11869
11884
12124
11870
11885
12125
11871
11886
12126
11887
12127
11873
11888
12128
11874
11889
12129
11875
11890
12130
11876
11891
12131
11877
11892
12132
11878
11893
12133
11879
11894
12134
11880
11895
12135
11881
11896
12136
11882
11897
12137
11883
11898
12138
11884
11899
12139
11885
11900
12140
11886
11901
12141
11887
11902
12142
11903
12143
11889
11904
12144
11890
11905
12145
11891
11906
12146
11892
11907
12147
11893
11908
12148
11894
11909
12149
11895
11910
12150
11896
11911
12151
11897
11912
12152
11898
11913
12153
11899
11914
12154
11900
11915
12155
11901
11916
12156
11902
11917
12157
11903
11918
12158
11919
12159
11905
11920
12160
11906
11921
12161
11907
11922
12162
11908
11923
12163
11909
11924
12164
11910
11925
12165
11911
11926
12166
11912
11927
12167
11913
11928
12168
11914
11929
12169
11915
11930
12170
11916
11931
12171
11917
11932
12172
11918
11933
12173
11919
11934
12174
11935
12175
11921
11936
12176
11922
11937
12177
11923
11938
12178
11924
11939
12179
11925
11940
12180
11926
11941
12181
11927
11942
12182
11928
11943
12183
11929
11944
12184
11930
11945
12185
11931
11946
12186
11932
11947
12187
11933
11948
12188
11934
11949
12189
11935
11950
12190
11951
12191
11937
11952
12192
11938
11953
12193
11939
11954
12194
11940
11955
12195
11941
11956
12196
11942
11957
12197
11943
11958
12198
11944
11959
12199
11945
11960
12200
11946
11961
12201
11947
11962
12202
11948
11963
12203
11949
11964
12204
11950
11965
12205
11951
11966
12206
11967
12207
11953
11968
12208
11954
11969
12209
11955
11970
12210
11956
11971
12211
11957
11972
12212
11958
11973
12213
11959
11974
12214
11960
11975
12215
11961
11976
12216
11962
11977
12217
11963
11978
12218
11964
11979
12219
11965
11980
12220
11966
11981
12221
11967
11982
12222
11983
12223
11969
11984
12224
11970
11985
12225
11971
11986
12226
11972
11987
12227
11973
11988
12228
11974
11989
12229
11975
11990
12230
11976
11991
12231
11977
11992
12232
11978
11993
12233
11979
11994
12234
11980
11995
12235
11981
11996
12236
11982
11997
12237
11983
11998
12238
11999
12239
11985
12000
12240
11986
12001
12241
11987
12002
12242
11988
12003
12243
11989
12004
12244
11990
12005
12245
11991
12006
12246
11992
12007
12247
11993
12008
12248
11994
12009
12249
11995
12010
12250
11996
12011
12251
11997
12012
12252
11998
12013
12253
11999
12014
12254
12015
12255
12001
12016
12256
12002
12017
12257
12003
12018
12258
12004
12019
12259
12005
12020
12260
12006
12021
12261
12007
12022
12262
12008
12023
12263
12009
12024
12264
12010
12025
12265
12011
12026
12266
12012
12027
12267
12013
12028
12268
12014
12029
12269
12015
12030
12270
12031
12271
12017
12272
12018
12273
12019
12274
12020
12275
12021
12276
12022
12277
12023
12278
12024
12279
12025
12280
12026
12281
12027
12282
12028
12283
12029
12284
12030
12285
12031
12286
12287
12033
12048
12288
12034
12049
12289
12035
12050
12290
12036
12051
12291
12037
12052
12292
12038
12053
12293
12039
12054
12294
12040
12055
12295
12041
12056
12296
12042
12057
12297
12043
12058
12298
12044
12059
12299
12045
12060
12300
12046
12061
12301
12047
12062
12302
12063
12303
12049
12064
12304
12050
12065
12305
12051
12066
12306
12052
12067
12307
12053
12068
12308
12054
12069
12309
12055
12070
12310
12056
12071
12311
12057
12072
12312
12058
12073
12313
12059
12074
12314
12060
12075
12315
12061
12076
12316
12062
12077
12317
12063
12078
12318
12079
12319
12065
12080
12320
12066
12081
12321
12067
12082
12322
12068
12083
12323
12069
12084
12324
12070
12085
12325
12071
12086
12326
12072
12087
12327
12073
12088
12328
12074
12089
12329
12075
12090
12330
12076
12091
12331
12077
12092
12332
12078
12093
12333
12079
12094
12334
12095
12335
12081
12096
12336
12082
12097
12337
12083
12098
12338
12084
12099
12339
12085
12100
12340
12086
12101
12341
12087
12102
12342
12088
12103
12343
12089
12104
12344
12090
12105
12345
12091
12106
12346
12092
12107
12347
12093
12108
12348
12094
12109
12349
12095
12110
12350
12111
12351
12097
12112
12352
12098
12113
12353
12099
12114
12354
12100
12115
12355
12101
12116
12356
12102
12117
12357
12103
12118
12358
12104
12119
12359
12105
12120
12360
12106
12121
12361
12107
12122
12362
12108
12123
12363
12109
12124
12364
12110
12125
12365
12111
12126
12366
12127
12367
12113
12128
12368
12114
12129
12369
12115
12130
12370
12116
12131
12371
12117
12132
12372
12118
12133
12373
12119
12134
12374
12120
12135
12375
12121
12136
12376
12122
12137
12377
12123
12138
12378
12124
12139
12379
12125
12140
12380
12126
12141
12381
12127
12142
12382
12143
12383
12129
12144
12384
12130
12145
12385
12131
12146
12386
12132
12147
12387
12133
12148
12388
12134
12149
12389
12135
12150
12390
12136
12151
12391
12137
12152
12392
12138
12153
12393
12139
12154
12394
12140
12155
12395
12141
12156
12396
12142
12157
12397
12143
12158
12398
12159
12399
12145
12160
12400
12146
12161
12401
12147
12162
12402
12148
12163
12403
12149
12164
12404
12150
12165
12405
12151
12166
12406
12152
12167
12407
12153
12168
12408
12154
12169
12409
12155
12170
12410
12156
12171
12411
12157
12172
12412
12158
12173
12413
12159
12174
12414
12175
12415
12161
12176
12416
12162
12177
12417
12163
12178
12418
12164
12179
12419
12165
12180
12420
12166
12181
12421
12167
12182
12422
12168
12183
12423
12169
12184
12424
12170
12185
12425
12171
12186
12426
12172
12187
12427
12173
12188
12428
12174
12189
12429
12175
12190
12430
12191
12431
12177
12192
12432
12178
12193
12433
12179
12194
12434
12180
12195
12435
12181
12196
12436
12182
12197
12437
12183
12198
12438
12184
12199
12439
12185
12200
12440
12186
12201
12441
12187
12202
12442
12188
12203
12443
12189
12204
12444
12190
12205
12445
12191
12206
12446
12207
12447
12193
12208
12448
12194
12209
12449
12195
12210
12450
12196
12211
12451
12197
12212
12452
12198
12213
12453
12199
12214
12454
12200
12215
12455
12201
12216
12456
12202
12217
12457
12203
12218
12458
12204
12219
12459
12205
12220
12460
12206
12221
12461
12207
12222
12462
12223
12463
12209
12224
12464
12210
12225
12465
12211
12226
12466
12212
12227
12467
12213
12228
12468
12214
12229
12469
12215
12230
12470
12216
12231
12471
12217
12232
12472
12218
12233
12473
12219
12234
12474
12220
12235
12475
12221
12236
12476
12222
12237
12477
12223
12238
12478
12239
12479
12225
12240
12480
12226
12241
12481
12227
12242
12482
12228
12243
12483
12229
12244
12484
12230
12245
12485
12231
12246
12486
12232
12247
12487
12233
12248
12488
12234
12249
12489
12235
12250
12490
12236
12251
12491
12237
12252
12492
12238
12253
12493
12239
12254
12494
12255
12495
12241
12256
12496
12242
12257
12497
12243
12258
12498
12244
12259
12499
12245
12260
12500
12246
12261
12501
12247
12262
12502
12248
12263
12503
12249
12264
12504
12250
12265
12505
12251
12266
12506
12252
12267
12507
12253
12268
12508
12254
12269
12509
12255
12270
12510
12271
12511
12257
12272
12512
12258
12273
12513
12259
12274
12514
12260
12275
12515
12261
12276
12516
12262
12277
12517
12263
12278
12518
12264
12279
12519
12265
12280
12520
12266
12281
12521
12267
12282
12522
12268
12283
12523
12269
12284
12524
12270
12285
12525
12271
12286
12526
12287
12527
12273
12528
12274
12529
12275
12530
12276
12531
12277
12532
12278
12533
12279
12534
12280
12535
12281
12536
12282
12537
12283
12538
12284
12539
12285
12540
12286
12541
12287
12542
12543
12289
12304
12544
12290
12305
12545
12291
12306
12546
12292
12307
12547
12293
12308
12548
12294
12309
12549
12295
12310
12550
12296
12311
12551
12297
12312
12552
12298
12313
12553
12299
12314
12554
12300
12315
12555
12301
12316
12556
12302
12317
12557
12303
12318
12558
12319
12559
12305
12320
12560
12306
12321
12561
12307
12322
12562
12308
12323
12563
12309
12324
12564
12310
12325
12565
12311
12326
12566
12312
12327
12567
12313
12328
12568
12314
12329
12569
12315
12330
12570
12316
12331
12571
12317
12332
12572
12318
12333
12573
12319
12334
12574
12335
12575
12321
12336
12576
12322
12337
12577
12323
12338
12578
12324
12339
12579
12325
12340
12580
12326
12341
12581
12327
12342
12582
12328
12343
12583
12329
12344
12584
12330
12345
12585
12331
12346
12586
12332
12347
12587
12333
12348
12588
12334
12349
12589
12335
12350
12590
12351
12591
12337
12352
12592
12338
12353
12593
12339
12354
12594
12340
12355
12595
12341
12356
12596
12342
12357
12597
12343
12358
12598
12344
12359
12599
12345
12360
12600
12346
12361
12601
12347
12362
12602
12348
12363
12603
12349
12364
12604
12350
12365
12605
12351
12366
12606
12367
12607
12353
12368
12608
12354
12369
12609
12355
12370
12610
12356
12371
12611
12357
12372
12612
12358
12373
12613
12359
12374
12614
12360
12375
12615
12361
12376
12616
12362
12377
12617
12363
12378
12618
12364
12379
12619
12365
12380
12620
12366
12381
12621
12367
12382
12622
12383
12623
12369
12384
12624
12370
12385
12625
12371
12386
12626
12372
12387
12627
12373
12388
12628
12374
12389
12629
12375
12390
12630
12376
12391
12631
12377
12392
12632
12378
12393
12633
12379
12394
12634
12380
12395
12635
12381
12396
12636
12382
12397
12637
12383
12398
12638
12399
12639
12385
12400
12640
12386
12401
12641
12387
12402
12642
12388
12403
12643
12389
12404
12644
12390
12405
12645
12391
12406
12646
12392
12407
12647
12393
12408
12648
12394
12409
12649
12395
12410
12650
12396
12411
12651
12397
12412
12652
12398
12413
12653
12399
12414
12654
12415
12655
12401
12416
12656
12402
12417
12657
12403
12418
12658
12404
12419
12659
12405
12420
12660
12406
12421
12661
12407
12422
12662
12408
12423
12663
12409
12424
12664
12410
12425
12665
12411
12426
12666
12412
12427
12667
12413
12428
12668
12414
12429
12669
12415
12430
12670
12431
12671
12417
12432
12672
12418
12433
12673
12419
12434
12674
12420
12435
12675
12421
12436
12676
12422
12437
12677
12423
12438
12678
12424
12439
12679
12425
12440
12680
12426
12441
12681
12427
12442
12682
12428
12443
12683
12429
12444
12684
12430
12445
12685
12431
12446
12686
12447
12687
12433
12448
12688
12434
12449
12689
12435
12450
12690
12436
12451
12691
12437
12452
12692
12438
12453
12693
12439
12454
12694
12440
12455
12695
12441
12456
12696
12442
12457
12697
12443
12458
12698
12444
12459
12699
12445
12460
12700
12446
12461
12701
12447
12462
12702
12463
12703
12449
12464
12704
12450
12465
12705
12451
12466
12706
12452
12467
12707
12453
12468
12708
12454
12469
12709
12455
12470
12710
12456
12471
12711
12457
12472
12712
12458
12473
12713
12459
12474
12714
12460
12475
12715
12461
12476
12716
12462
12477
12717
12463
12478
12718
12479
12719
12465
12480
12720
12466
12481
12721
12467
12482
12722
12468
12483
12723
12469
12484
12724
12470
12485
12725
12471
12486
12726
12472
12487
12727
12473
12488
12728
12474
12489
12729
12475
12490
12730
12476
12491
12731
12477
12492
12732
12478
12493
12733
12479
12494
12734
12495
12735
12481
12496
12736
12482
12497
12737
12483
12498
12738
12484
12499
12739
12485
12500
12740
12486
12501
12741
12487
12502
12742
12488
12503
12743
12489
12504
12744
12490
12505
12745
12491
12506
12746
12492
12507
12747
12493
12508
12748
12494
12509
12749
12495
12510
12750
12511
12751
12497
12512
12752
12498
12513
12753
12499
12514
12754
12500
12515
12755
12501
12516
12756
12502
12517
12757
12503
12518
12758
12504
12519
12759
12505
12520
12760
12506
12521
12761
12507
12522
12762
12508
12523
12763
12509
12524
12764
12510
12525
12765
12511
12526
12766
12527
12767
12513
12528
12768
12514
12529
12769
12515
12530
12770
12516
12531
12771
12517
12532
12772
12518
12533
12773
12519
12534
12774
12520
12535
12775
12521
12536
12776
12522
12537
12777
12523
12538
12778
12524
12539
12779
12525
12540
12780
12526
12541
12781
12527
12542
12782
12543
12783
12529
12784
12530
12785
12531
12786
12532
12787
12533
12788
12534
12789
12535
12790
12536
12791
12537
12792
12538
12793
12539
12794
12540
12795
12541
12796
12542
12797
12543
12798
12799
12545
12560
12800
12546
12561
12801
12547
12562
12802
12548
12563
12803
12549
12564
12804
12550
12565
12805
12551
12566
12806
12552
12567
12807
12553
12568
12808
12554
12569
12809
12555
12570
12810
12556
12571
12811
12557
12572
12812
12558
12573
12813
12559
12574
12814
12575
12815
12561
12576
12816
12562
12577
12817
12563
12578
12818
12564
12579
12819
12565
12580
12820
12566
12581
12821
12567
12582
12822
12568
12583
12823
12569
12584
12824
12570
12585
12825
12571
12586
12826
12572
12587
12827
12573
12588
12828
12574
12589
12829
12575
12590
12830
12591
12831
12577
12592
12832
12578
12593
12833
12579
12594
12834
12580
12595
12835
12581
12596
12836
12582
12597
12837
12583
12598
12838
12584
12599
12839
12585
12600
12840
12586
12601
12841
12587
12602
12842
12588
12603
12843
12589
12604
12844
12590
12605
12845
12591
12606
12846
12607
12847
12593
12608
12848
12594
12609
12849
12595
12610
12850
12596
12611
12851
12597
12612
12852
12598
12613
12853
12599
12614
12854
12600
12615
12855
12601
12616
12856
12602
12617
12857
12603
12618
12858
12604
12619
12859
12605
12620
12860
12606
12621
12861
12607
12622
12862
12623
12863
12609
12624
12864
12610
12625
12865
12611
12626
12866
12612
12627
12867
12613
12628
12868
12614
12629
12869
12615
12630
12870
12616
12631
12871
12617
12632
12872
12618
12633
12873
12619
12634
12874
12620
12635
12875
12621
12636
12876
12622
12637
12877
12623
12638
12878
12639
12879
12625
12640
12880
12626
12641
12881
12627
12642
12882
12628
12643
12883
12629
12644
12884
12630
12645
12885
12631
12646
12886
12632
12647
12887
12633
12648
12888
12634
12649
12889
12635
12650
12890
12636
12651
12891
12637
12652
12892
12638
12653
12893
12639
12654
12894
12655
12895
12641
12656
12896
12642
12657
12897
12643
12658
12898
12644
12659
12899
12645
12660
12900
12646
12661
12901
12647
12662
12902
12648
12663
12903
12649
12664
12904
12650
12665
12905
12651
12666
12906
12652
12667
12907
12653
12668
12908
12654
12669
12909
12655
12670
12910
12671
12911
12657
12672
12912
12658
12673
12913
12659
12674
12914
12660
12675
12915
12661
12676
12916
12662
12677
12917
12663
12678
12918
12664
12679
12919
12665
12680
12920
12666
12681
12921
12667
12682
12922
12668
12683
12923
12669
12684
12924
12670
12685
12925
12671
12686
12926
12687
12927
12673
12688
12928
12674
12689
12929
12675
12690
12930
12676
12691
12931
12677
12692
12932
12678
12693
12933
12679
12694
12934
12680
12695
12935
12681
12696
12936
12682
12697
12937
12683
12698
12938
12684
12699
12939
12685
12700
12940
12686
12701
12941
12687
12702
12942
12703
12943
12689
12704
12944
12690
12705
12945
12691
12706
12946
12692
12707
12947
12693
12708
12948
12694
12709
12949
12695
12710
12950
12696
12711
12951
12697
12712
12952
12698
12713
12953
12699
12714
12954
12700
12715
12955
12701
12716
12956
12702
12717
12957
12703
12718
12958
12719
12959
12705
12720
12960
12706
12721
12961
12707
12722
12962
12708
12723
12963
12709
12724
12964
12710
12725
12965
12711
12726
12966
12712
12727
12967
12713
12728
12968
12714
12729
12969
12715
12730
12970
12716
12731
12971
12717
12732
12972
12718
12733
12973
12719
12734
12974
12735
12975
12721
12736
12976
12722
12737
12977
12723
12738
12978
12724
12739
12979
12725
12740
12980
12726
12741
12981
12727
12742
12982
12728
12743
12983
12729
12744
12984
12730
12745
12985
12731
12746
12986
12732
12747
12987
12733
12748
12988
12734
12749
12989
12735
12750
12990
12751
12991
12737
12752
12992
12738
12753
12993
12739
12754
12994
12740
12755
12995
12741
12756
12996
12742
12757
12997
12743
12758
12998
12744
12759
12999
12745
12760
13000
12746
12761
13001
12747
12762
13002
12748
12763
13003
12749
12764
13004
12750
12765
13005
12751
12766
13006
12767
13007
12753
12768
13008
12754
12769
13009
12755
12770
13010
12756
12771
13011
12757
12772
13012
12758
12773
13013
12759
12774
13014
12760
12775
13015
12761
12776
13016
12762
12777
13017
12763
12778
13018
12764
12779
13019
12765
12780
13020
12766
12781
13021
12767
12782
13022
12783
13023
12769
12784
13024
12770
12785
13025
12771
12786
13026
12772
12787
13027
12773
12788
13028
12774
12789
13029
12775
12790
13030
12776
12791
13031
12777
12792
13032
12778
12793
13033
12779
12794
13034
12780
12795
13035
12781
12796
13036
12782
12797
13037
12783
12798
13038
12799
13039
12785
13040
12786
13041
12787
13042
12788
13043
12789
13044
12790
13045
12791
13046
12792
13047
12793
13048
12794
13049
12795
13050
12796
13051
12797
13052
12798
13053
12799
13054
13055
12801
12816
13056
12802
12817
13057
12803
12818
13058
12804
12819
13059
12805
12820
13060
12806
12821
13061
12807
12822
13062
12808
12823
13063
12809
12824
13064
12810
12825
13065
12811
12826
13066
12812
12827
13067
12813
12828
13068
12814
12829
13069
12815
12830
13070
12831
13071
12817
12832
13072
12818
12833
13073
12819
12834
13074
12820
12835
13075
12821
12836
13076
12822
12837
13077
12823
12838
13078
12824
12839
13079
12825
12840
13080
12826
12841
13081
12827
12842
13082
12828
12843
13083
12829
12844
13084
12830
12845
13085
12831
12846
13086
12847
13087
12833
12848
13088
12834
12849
13089
12835
12850
13090
12836
12851
13091
12837
12852
13092
12838
12853
13093
12839
12854
13094
12840
12855
13095
12841
12856
13096
12842
12857
13097
12843
12858
13098
12844
12859
13099
12845
12860
13100
12846
12861
13101
12847
12862
13102
12863
13103
12849
12864
13104
12850
12865
13105
12851
12866
13106
12852
12867
13107
12853
12868
13108
12854
12869
13109
12855
12870
13110
12856
12871
13111
12857
12872
13112
12858
12873
13113
12859
12874
13114
12860
12875
13115
12861
12876
13116
12862
12877
13117
12863
12878
13118
12879
13119
12865
12880
13120
12866
12881
13121
12867
12882
13122
12868
12883
13123
12869
12884
13124
12870
12885
13125
12871
12886
13126
12872
12887
13127
12873
12888
13128
12874
12889
13129
12875
12890
13130
12876
12891
13131
12877
12892
13132
12878
12893
13133
12879
12894
13134
12895
13135
12881
12896
13136
12882
12897
13137
12883
12898
13138
12884
12899
13139
12885
12900
13140
12886
12901
13141
12887
12902
13142
12888
12903
13143
12889
12904
13144
12890
12905
13145
12891
12906
13146
12892
12907
13147
12893
12908
13148
12894
12909
13149
12895
12910
13150
12911
13151
12897
12912
13152
12898
12913
13153
12899
12914
13154
12900
12915
13155
12901
12916
13156
12902
12917
13157
12903
12918
13158
12904
12919
13159
12905
12920
13160
12906
12921
13161
12907
12922
13162
12908
12923
13163
12909
12924
13164
12910
12925
13165
12911
12926
13166
12927
13167
12913
12928
13168
12914
12929
13169
12915
12930
13170
12916
12931
13171
12917
12932
13172
12918
12933
13173
12919
12934
13174
12920
12935
13175
12921
12936
13176
12922
12937
13177
12923
12938
13178
12924
12939
13179
12925
12940
13180
12926
12941
13181
12927
12942
13182
12943
13183
12929
12944
13184
12930
12945
13185
12931
12946
13186
12932
12947
13187
12933
12948
13188
12934
12949
13189
12935
12950
13190
12936
12951
13191
12937
12952
13192
12938
12953
13193
12939
12954
13194
12940
12955
13195
12941
12956
13196
12942
12957
13197
12943
12958
13198
12959
13199
12945
12960
13200
12946
12961
13201
12947
12962
13202
12948
12963
13203
12949
12964
13204
12950
12965
13205
12951
12966
13206
12952
12967
13207
12953
12968
13208
12954
12969
13209
12955
12970
13210
12956
12971
13211
12957
12972
13212
12958
12973
13213
12959
12974
13214
12975
13215
12961
12976
13216
12962
12977
13217
12963
12978
13218
12964
12979
13219
12965
12980
13220
12966
12981
13221
12967
12982
13222
12968
12983
13223
12969
12984
13224
12970
12985
13225
12971
12986
13226
12972
12987
13227
12973
12988
13228
12974
12989
13229
12975
12990
13230
12991
13231
12977
12992
13232
12978
12993
13233
12979
12994
13234
12980
12995
13235
12981
12996
13236
12982
12997
13237
12983
12998
13238
12984
12999
13239
12985
13000
13240
12986
13001
13241
12987
13002
13242
12988
13003
13243
12989
13004
13244
12990
13005
13245
12991
13006
13246
13007
13247
12993
13008
13248
12994
13009
13249
12995
13010
13250
12996
13011
13251
12997
13012
13252
12998
13013
13253
12999
13014
13254
13000
13015
13255
13001
13016
13256
13002
13017
13257
13003
13018
13258
13004
13019
13259
13005
13020
13260
13006
13021
13261
13007
13022
13262
13023
13263
13009
13024
13264
13010
13025
13265
13011
13026
13266
13012
13027
13267
13013
13028
13268
13014
13029
13269
13015
13030
13270
13016
13031
13271
13017
13032
13272
13018
13033
13273
13019
13034
13274
13020
13035
13275
13021
13036
13276
13022
13037
13277
13023
13038
13278
13039
13279
13025
13040
13280
13026
13041
13281
13027
13042
13282
13028
13043
13283
13029
13044
13284
13030
13045
13285
13031
13046
13286
13032
13047
13287
13033
13048
13288
13034
13049
13289
13035
13050
13290
13036
13051
13291
13037
13052
13292
13038
13053
13293
13039
13054
13294
13055
13295
13041
13296
13042
13297
13043
13298
13044
13299
13045
13300
13046
13301
13047
13302
13048
13303
13049
13304
13050
13305
13051
13306
13052
13307
13053
13308
13054
13309
13055
13310
13311
13057
13072
13312
13058
13073
13313
13059
13074
13314
13060
13075
13315
13061
13076
13316
13062
13077
13317
13063
13078
13318
13064
13079
13319
13065
13080
13320
13066
13081
13321
13067
13082
13322
13068
13083
13323
13069
13084
13324
13070
13085
13325
13071
13086
13326
13087
13327
13073
13088
13328
13074
13089
13329
13075
13090
13330
13076
13091
13331
13077
13092
13332
13078
13093
13333
13079
13094
13334
13080
13095
13335
13081
13096
13336
13082
13097
13337
13083
13098
13338
13084
13099
13339
13085
13100
13340
13086
13101
13341
13087
13102
13342
13103
13343
13089
13104
13344
13090
13105
13345
13091
13106
13346
13092
13107
13347
13093
13108
13348
13094
13109
13349
13095
13110
13350
13096
13111
13351
13097
13112
13352
13098
13113
13353
13099
13114
13354
13100
13115
13355
13101
13116
13356
13102
13117
13357
13103
13118
13358
13119
13359
13105
13120
13360
13106
13121
13361
13107
13122
13362
13108
13123
13363
13109
13124
13364
13110
13125
13365
13111
13126
13366
13112
13127
13367
13113
13128
13368
13114
13129
13369
13115
13130
13370
13116
13131
13371
13117
13132
13372
13118
13133
13373
13119
13134
13374
13135
13375
13121
13136
13376
13122
13137
13377
13123
13138
13378
13124
13139
13379
13125
13140
13380
13126
13141
13381
13127
13142
13382
13128
13143
13383
13129
13144
13384
13130
13145
13385
13131
13146
13386
13132
13147
13387
13133
13148
13388
13134
13149
13389
13135
13150
13390
13151
13391
13137
13152
13392
13138
13153
13393
13139
13154
13394
13140
13155
13395
13141
13156
13396
13142
13157
13397
13143
13158
13398
13144
13159
13399
13145
13160
13400
13146
13161
13401
13147
13162
13402
13148
13163
13403
13149
13164
13404
13150
13165
13405
13151
13166
13406
13167
13407
13153
13168
13408
13154
13169
13409
13155
13170
13410
13156
13171
13411
13157
13172
13412
13158
13173
13413
13159
13174
13414
13160
13175
13415
13161
13176
13416
13162
13177
13417
13163
13178
13418
13164
13179
13419
13165
13180
13420
13166
13181
13421
13167
13182
13422
13183
13423
13169
13184
13424
13170
13185
13425
13171
13186
13426
13172
13187
13427
13173
13188
13428
13174
13189
13429
13175
13190
13430
13176
13191
13431
13177
13192
13432
13178
13193
13433
13179
13194
13434
13180
13195
13435
13181
13196
13436
13182
13197
13437
13183
13198
13438
13199
13439
13185
13200
13440
13186
13201
13441
13187
13202
13442
13188
13203
13443
13189
13204
13444
13190
13205
13445
13191
13206
13446
13192
13207
13447
13193
13208
13448
13194
13209
13449
13195
13210
13450
13196
13211
13451
13197
13212
13452
13198
13213
13453
13199
13214
13454
13215
13455
13201
13216
13456
13202
13217
13457
13203
13218
13458
13204
13219
13459
13205
13220
13460
13206
13221
13461
13207
13222
13462
13208
13223
13463
13209
13224
13464
13210
13225
13465
13211
13226
13466
13212
13227
13467
13213
13228
13468
13214
13229
13469
13215
13230
13470
13231
13471
13217
13232
13472
13218
13233
13473
13219
13234
13474
13220
13235
13475
13221
13236
13476
13222
13237
13477
13223
13238
13478
13224
13239
13479
13225
13240
13480
13226
13241
13481
13227
13242
13482
13228
13243
13483
13229
13244
13484
13230
13245
13485
13231
13246
13486
13247
13487
13233
13248
13488
13234
13249
13489
13235
13250
13490
13236
13251
13491
13237
13252
13492
13238
13253
13493
13239
13254
13494
13240
13255
13495
13241
13256
13496
13242
13257
13497
13243
13258
13498
13244
13259
13499
13245
13260
13500
13246
13261
13501
13247
13262
13502
13263
13503
13249
13264
13504
13250
13265
13505
13251
13266
13506
13252
13267
13507
13253
13268
13508
13254
13269
13509
13255
13270
13510
13256
13271
13511
13257
13272
13512
13258
13273
13513
13259
13274
13514
13260
13275
13515
13261
13276
13516
13262
13277
13517
13263
13278
13518
13279
13519
13265
13280
13520
13266
13281
13521
13267
13282
13522
13268
13283
13523
13269
13284
13524
13270
13285
13525
13271
13286
13526
13272
13287
13527
13273
13288
13528
13274
13289
13529
13275
13290
13530
13276
13291
13531
13277
13292
13532
13278
13293
13533
13279
13294
13534
13295
13535
13281
13296
13536
13282
13297
13537
13283
13298
13538
13284
13299
13539
13285
13300
13540
13286
13301
13541
13287
13302
13542
13288
13303
13543
13289
13304
13544
13290
13305
13545
13291
13306
13546
13292
13307
13547
13293
13308
13548
13294
13309
13549
13295
13310
13550
13311
13551
13297
13552
13298
13553
13299
13554
13300
13555
13301
13556
13302
13557
13303
13558
13304
13559
13305
13560
13306
13561
13307
13562
13308
13563
13309
13564
13310
13565
13311
13566
13567
13313
13328
13568
13314
13329
13569
13315
13330
13570
13316
13331
13571
13317
13332
13572
13318
13333
13573
13319
13334
13574
13320
13335
13575
13321
13336
13576
13322
13337
13577
13323
13338
13578
13324
13339
13579
13325
13340
13580
13326
13341
13581
13327
13342
13582
13343
13583
13329
13344
13584
13330
13345
13585
13331
13346
13586
13332
13347
13587
13333
13348
13588
13334
13349
13589
13335
13350
13590
13336
13351
13591
13337
13352
13592
13338
13353
13593
13339
13354
13594
13340
13355
13595
13341
13356
13596
13342
13357
13597
13343
13358
13598
13359
13599
13345
13360
13600
13346
13361
13601
13347
13362
13602
13348
13363
13603
13349
13364
13604
13350
13365
13605
13351
13366
13606
13352
13367
13607
13353
13368
13608
13354
13369
13609
13355
13370
13610
13356
13371
13611
13357
13372
13612
13358
13373
13613
13359
13374
13614
13375
13615
13361
13376
13616
13362
13377
13617
13363
13378
13618
13364
13379
13619
13365
13380
13620
13366
13381
13621
13367
13382
13622
13368
13383
13623
13369
13384
13624
13370
13385
13625
13371
13386
13626
13372
13387
13627
13373
13388
13628
13374
13389
13629
13375
13390
13630
13391
13631
13377
13392
13632
13378
13393
13633
13379
13394
13634
13380
13395
13635
13381
13396
13636
13382
13397
13637
13383
13398
13638
13384
13399
13639
13385
13400
13640
13386
13401
13641
13387
13402
13642
13388
13403
13643
13389
13404
13644
13390
13405
13645
13391
13406
13646
13407
13647
13393
13408
13648
13394
13409
13649
13395
13410
13650
13396
13411
13651
13397
13412
13652
13398
13413
13653
13399
13414
13654
13400
13415
13655
13401
13416
13656
13402
13417
13657
13403
13418
13658
13404
13419
13659
13405
13420
13660
13406
13421
13661
13407
13422
13662
13423
13663
13409
13424
13664
13410
13425
13665
13411
13426
13666
13412
13427
13667
13413
13428
13668
13414
13429
13669
13415
13430
13670
13416
13431
13671
13417
13432
13672
13418
13433
13673
13419
13434
13674
13420
13435
13675
13421
13436
13676
13422
13437
13677
13423
13438
13678
13439
13679
13425
13440
13680
13426
13441
13681
13427
13442
13682
13428
13443
13683
13429
13444
13684
13430
13445
13685
13431
13446
13686
13432
13447
13687
13433
13448
13688
13434
13449
13689
13435
13450
13690
13436
13451
13691
13437
13452
13692
13438
13453
13693
13439
13454
13694
13455
13695
13441
13456
13696
13442
13457
13697
13443
13458
13698
13444
13459
13699
13445
13460
13700
13446
13461
13701
13447
13462
13702
13448
13463
13703
13449
13464
13704
13450
13465
13705
13451
13466
13706
13452
13467
13707
13453
13468
13708
13454
13469
13709
13455
13470
13710
13471
13711
13457
13472
13712
13458
13473
13713
13459
13474
13714
13460
13475
13715
13461
13476
13716
13462
13477
13717
13463
13478
13718
13464
13479
13719
13465
13480
13720
13466
13481
13721
13467
13482
13722
13468
13483
13723
13469
13484
13724
13470
13485
13725
13471
13486
13726
13487
13727
13473
13488
13728
13474
13489
13729
13475
13490
13730
13476
13491
13731
13477
13492
13732
13478
13493
13733
13479
13494
13734
13480
13495
13735
13481
13496
13736
13482
13497
13737
13483
13498
13738
13484
13499
13739
13485
13500
13740
13486
13501
13741
13487
13502
13742
13503
13743
13489
13504
13744
13490
13505
13745
13491
13506
13746
13492
13507
13747
13493
13508
13748
13494
13509
13749
13495
13510
13750
13496
13511
13751
13497
13512
13752
13498
13513
13753
13499
13514
13754
13500
13515
13755
13501
13516
13756
13502
13517
13757
13503
13518
13758
13519
13759
13505
13520
13760
13506
13521
13761
13507
13522
13762
13508
13523
13763
13509
13524
13764
13510
13525
13765
13511
13526
13766
13512
13527
13767
13513
13528
13768
13514
13529
13769
13515
13530
13770
13516
13531
13771
13517
13532
13772
13518
13533
13773
13519
13534
13774
13535
13775
13521
13536
13776
13522
13537
13777
13523
13538
13778
13524
13539
13779
13525
13540
13780
13526
13541
13781
13527
13542
13782
13528
13543
13783
13529
13544
13784
13530
13545
13785
13531
13546
13786
13532
13547
13787
13533
13548
13788
13534
13549
13789
13535
13550
13790
13551
13791
13537
13552
13792
13538
13553
13793
13539
13554
13794
13540
13555
13795
13541
13556
13796
13542
13557
13797
13543
13558
13798
13544
13559
13799
13545
13560
13800
13546
13561
13801
13547
13562
13802
13548
13563
13803
13549
13564
13804
13550
13565
13805
13551
13566
13806
13567
13807
13553
13808
13554
13809
13555
13810
13556
13811
13557
13812
13558
13813
13559
13814
13560
13815
13561
13816
13562
13817
13563
13818
13564
13819
13565
13820
13566
13821
13567
13822
13823
13569
13584
13824
13570
13585
13825
13571
13586
13826
13572
13587
13827
13573
13588
13828
13574
13589
13829
13575
13590
13830
13576
13591
13831
13577
13592
13832
13578
13593
13833
13579
13594
13834
13580
13595
13835
13581
13596
13836
13582
13597
13837
13583
13598
13838
13599
13839
13585
13600
13840
13586
13601
13841
13587
13602
13842
13588
13603
13843
13589
13604
13844
13590
13605
13845
13591
13606
13846
13592
13607
13847
13593
13608
13848
13594
13609
13849
13595
13610
13850
13596
13611
13851
13597
13612
13852
13598
13613
13853
13599
13614
13854
13615
13855
13601
13616
13856
13602
13617
13857
13603
13618
13858
13604
13619
13859
13605
13620
13860
13606
13621
13861
13607
13622
13862
13608
13623
13863
13609
13624
13864
13610
13625
13865
13611
13626
13866
13612
13627
13867
13613
13628
13868
13614
13629
13869
13615
13630
13870
13631
13871
13617
13632
13872
13618
13633
13873
13619
13634
13874
13620
13635
13875
13621
13636
13876
13622
13637
13877
13623
13638
13878
13624
13639
13879
13625
13640
13880
13626
13641
13881
13627
13642
13882
13628
13643
13883
13629
13644
13884
13630
13645
13885
13631
13646
13886
13647
13887
13633
13648
13888
13634
13649
13889
13635
13650
13890
13636
13651
13891
13637
13652
13892
13638
13653
13893
13639
13654
13894
13640
13655
13895
13641
13656
13896
13642
13657
13897
13643
13658
13898
13644
13659
13899
13645
13660
13900
13646
13661
13901
13647
13662
13902
13663
13903
13649
13664
13904
13650
13665
13905
13651
13666
13906
13652
13667
13907
13653
13668
13908
13654
13669
13909
13655
13670
13910
13656
13671
13911
13657
13672
13912
13658
13673
13913
13659
13674
13914
13660
13675
13915
13661
13676
13916
13662
13677
13917
13663
13678
13918
13679
13919
13665
13680
13920
13666
13681
13921
13667
13682
13922
13668
13683
13923
13669
13684
13924
13670
13685
13925
13671
13686
13926
13672
13687
13927
13673
13688
13928
13674
13689
13929
13675
13690
13930
13676
13691
13931
13677
13692
13932
13678
13693
13933
13679
13694
13934
13695
13935
13681
13696
13936
13682
13697
13937
13683
13698
13938
13684
13699
13939
13685
13700
13940
13686
13701
13941
13687
13702
13942
13688
13703
13943
13689
13704
13944
13690
13705
13945
13691
13706
13946
13692
13707
13947
13693
13708
13948
13694
13709
13949
13695
13710
13950
13711
13951
13697
13712
13952
13698
13713
13953
13699
13714
13954
13700
13715
13955
13701
13716
13956
13702
13717
13957
13703
13718
13958
13704
13719
13959
13705
13720
13960
13706
13721
13961
13707
13722
13962
13708
13723
13963
13709
13724
13964
13710
13725
13965
13711
13726
13966
13727
13967
13713
13728
13968
13714
13729
13969
13715
13730
13970
13716
13731
13971
13717
13732
13972
13718
13733
13973
13719
13734
13974
13720
13735
13975
13721
13736
13976
13722
13737
13977
13723
13738
13978
13724
13739
13979
13725
13740
13980
13726
13741
13981
13727
13742
13982
13743
13983
13729
13744
13984
13730
13745
13985
13731
13746
13986
13732
13747
13987
13733
13748
13988
13734
13749
13989
13735
13750
13990
13736
13751
13991
13737
13752
13992
13738
13753
13993
13739
13754
13994
13740
13755
13995
13741
13756
13996
13742
13757
13997
13743
13758
13998
13759
13999
13745
13760
14000
13746
13761
14001
13747
13762
14002
13748
13763
14003
13749
13764
14004
13750
13765
14005
13751
13766
14006
13752
13767
14007
13753
13768
14008
13754
13769
14009
13755
13770
14010
13756
13771
14011
13757
13772
14012
13758
13773
14013
13759
13774
14014
13775
14015
13761
13776
14016
13762
13777
14017
13763
13778
14018
13764
13779
14019
13765
13780
14020
13766
13781
14021
13767
13782
14022
13768
13783
14023
13769
13784
14024
13770
13785
14025
13771
13786
14026
13772
13787
14027
13773
13788
14028
13774
13789
14029
13775
13790
14030
13791
14031
13777
13792
14032
13778
13793
14033
13779
13794
14034
13780
13795
14035
13781
13796
14036
13782
13797
14037
13783
13798
14038
13784
13799
14039
13785
13800
14040
13786
13801
14041
13787
13802
14042
13788
13803
14043
13789
13804
14044
13790
13805
14045
13791
13806
14046
13807
14047
13793
13808
14048
13794
13809
14049
13795
13810
14050
13796
13811
14051
13797
13812
14052
13798
13813
14053
13799
13814
14054
13800
13815
14055
13801
13816
14056
13802
13817
14057
13803
13818
14058
13804
13819
14059
13805
13820
14060
13806
13821
14061
13807
13822
14062
13823
14063
13809
14064
13810
14065
13811
14066
13812
14067
13813
14068
13814
14069
13815
14070
13816
14071
13817
14072
13818
14073
13819
14074
13820
14075
13821
14076
13822
14077
13823
14078
14079
13825
13840
14080
13826
13841
14081
13827
13842
14082
13828
13843
14083
13829
13844
14084
13830
13845
14085
13831
13846
14086
13832
13847
14087
13833
13848
14088
13834
13849
14089
13835
13850
14090
13836
13851
14091
13837
13852
14092
13838
13853
14093
13839
13854
14094
13855
14095
13841
13856
14096
13842
13857
14097
13843
13858
14098
13844
13859
14099
13845
13860
14100
13846
13861
14101
13847
13862
14102
13848
13863
14103
13849
13864
14104
13850
13865
14105
13851
13866
14106
13852
13867
14107
13853
13868
14108
13854
13869
14109
13855
13870
14110
13871
14111
13857
13872
14112
13858
13873
14113
13859
13874
14114
13860
13875
14115
13861
13876
14116
13862
13877
14117
13863
13878
14118
13864
13879
14119
13865
13880
14120
13866
13881
14121
13867
13882
14122
13868
13883
14123
13869
13884
14124
13870
13885
14125
13871
13886
14126
13887
14127
13873
13888
14128
13874
13889
14129
13875
13890
14130
13876
13891
14131
13877
13892
14132
13878
13893
14133
13879
13894
14134
13880
13895
14135
13881
13896
14136
13882
13897
14137
13883
13898
14138
13884
13899
14139
13885
13900
14140
13886
13901
14141
13887
13902
14142
13903
14143
13889
13904
14144
13890
13905
14145
13891
13906
14146
13892
13907
14147
13893
13908
14148
13894
13909
14149
13895
13910
14150
13896
13911
14151
13897
13912
14152
13898
13913
14153
13899
13914
14154
13900
13915
14155
13901
13916
14156
13902
13917
14157
13903
13918
14158
13919
14159
13905
13920
14160
13906
13921
14161
13907
13922
14162
13908
13923
14163
13909
13924
14164
13910
13925
14165
13911
13926
14166
13912
13927
14167
13913
13928
14168
13914
13929
14169
13915
13930
14170
13916
13931
14171
13917
13932
14172
13918
13933
14173
13919
13934
14174
13935
14175
13921
13936
14176
13922
13937
14177
13923
13938
14178
13924
13939
14179
13925
13940
14180
13926
13941
14181
13927
13942
14182
13928
13943
14183
13929
13944
14184
13930
13945
14185
13931
13946
14186
13932
13947
14187
13933
13948
14188
13934
13949
14189
13935
13950
14190
13951
14191
13937
13952
14192
13938
13953
14193
13939
13954
14194
13940
13955
14195
13941
13956
14196
13942
13957
14197
13943
13958
14198
13944
13959
14199
13945
13960
14200
13946
13961
14201
13947
13962
14202
13948
13963
14203
13949
13964
14204
13950
13965
14205
13951
13966
14206
13967
14207
13953
13968
14208
13954
13969
14209
13955
13970
14210
13956
13971
14211
13957
13972
14212
13958
13973
14213
13959
13974
14214
13960
13975
14215
13961
13976
14216
13962
13977
14217
13963
13978
14218
13964
13979
14219
13965
13980
14220
13966
13981
14221
13967
13982
14222
13983
14223
13969
13984
14224
13970
13985
14225
13971
13986
14226
13972
13987
14227
13973
13988
14228
13974
13989
14229
13975
13990
14230
13976
13991
14231
13977
13992
14232
13978
13993
14233
13979
13994
14234
13980
13995
14235
13981
13996
14236
13982
13997
14237
13983
13998
14238
13999
14239
13985
14000
14240
13986
14001
14241
13987
14002
14242
13988
14003
14243
13989
14004
14244
13990
14005
14245
13991
14006
14246
13992
14007
14247
13993
14008
14248
13994
14009
14249
13995
14010
14250
13996
14011
14251
13997
14012
14252
13998
14013
14253
13999
14014
14254
14015
14255
14001
14016
14256
14002
14017
14257
14003
14018
14258
14004
14019
14259
14005
14020
14260
14006
14021
14261
14007
14022
14262
14008
14023
14263
14009
14024
14264
14010
14025
14265
14011
14026
14266
14012
14027
14267
14013
14028
14268
14014
14029
14269
14015
14030
14270
14031
14271
14017
14032
14272
14018
14033
14273
14019
14034
14274
14020
14035
14275
14021
14036
14276
14022
14037
14277
14023
14038
14278
14024
14039
14279
14025
14040
14280
14026
14041
14281
14027
14042
14282
14028
14043
14283
14029
14044
14284
14030
14045
14285
14031
14046
14286
14047
14287
14033
14048
14288
14034
14049
14289
14035
14050
14290
14036
14051
14291
14037
14052
14292
14038
14053
14293
14039
14054
14294
14040
14055
14295
14041
14056
14296
14042
14057
14297
14043
14058
14298
14044
14059
14299
14045
14060
14300
14046
14061
14301
14047
14062
14302
14063
14303
14049
14064
14304
14050
14065
14305
14051
14066
14306
14052
14067
14307
14053
14068
14308
14054
14069
14309
14055
14070
14310
14056
14071
14311
14057
14072
14312
14058
14073
14313
14059
14074
14314
14060
14075
14315
14061
14076
14316
14062
14077
14317
14063
14078
14318
14079
14319
14065
14320
14066
14321
14067
14322
14068
14323
14069
14324
14070
14325
14071
14326
14072
14327
14073
14328
14074
14329
14075
14330
14076
14331
14077
14332
14078
14333
14079
14334
14335
14081
14096
14336
14082
14097
14337
14083
14098
14338
14084
14099
14339
14085
14100
14340
14086
14101
14341
14087
14102
14342
14088
14103
14343
14089
14104
14344
14090
14105
14345
14091
14106
14346
14092
14107
14347
14093
14108
14348
14094
14109
14349
14095
14110
14350
14111
14351
14097
14112
14352
14098
14113
14353
14099
14114
14354
14100
14115
14355
14101
14116
14356
14102
14117
14357
14103
14118
14358
14104
14119
14359
14105
14120
14360
14106
14121
14361
14107
14122
14362
14108
14123
14363
14109
14124
14364
14110
14125
14365
14111
14126
14366
14127
14367
14113
14128
14368
14114
14129
14369
14115
14130
14370
14116
14131
14371
14117
14132
14372
14118
14133
14373
14119
14134
14374
14120
14135
14375
14121
14136
14376
14122
14137
14377
14123
14138
14378
14124
14139
14379
14125
14140
14380
14126
14141
14381
14127
14142
14382
14143
14383
14129
14144
14384
14130
14145
14385
14131
14146
14386
14132
14147
14387
14133
14148
14388
14134
14149
14389
14135
14150
14390
14136
14151
14391
14137
14152
14392
14138
14153
14393
14139
14154
14394
14140
14155
14395
14141
14156
14396
14142
14157
14397
14143
14158
14398
14159
14399
14145
14160
14400
14146
14161
14401
14147
14162
14402
14148
14163
14403
14149
14164
14404
14150
14165
14405
14151
14166
14406
14152
14167
14407
14153
14168
14408
14154
14169
14409
14155
14170
14410
14156
14171
14411
14157
14172
14412
14158
14173
14413
14159
14174
14414
14175
14415
14161
14176
14416
14162
14177
14417
14163
14178
14418
14164
14179
14419
14165
14180
14420
14166
14181
14421
14167
14182
14422
14168
14183
14423
14169
14184
14424
14170
14185
14425
14171
14186
14426
14172
14187
14427
14173
14188
14428
14174
14189
14429
14175
14190
14430
14191
14431
14177
14192
14432
14178
14193
14433
14179
14194
14434
14180
14195
14435
14181
14196
14436
14182
14197
14437
14183
14198
14438
14184
14199
14439
14185
14200
14440
14186
14201
14441
14187
14202
14442
14188
14203
14443
14189
14204
14444
14190
14205
14445
14191
14206
14446
14207
14447
14193
14208
14448
14194
14209
14449
14195
14210
14450
14196
14211
14451
14197
14212
14452
14198
14213
14453
14199
14214
14454
14200
14215
14455
14201
14216
14456
14202
14217
14457
14203
14218
14458
14204
14219
14459
14205
14220
14460
14206
14221
14461
14207
14222
14462
14223
14463
14209
14224
14464
14210
14225
14465
14211
14226
14466
14212
14227
14467
14213
14228
14468
14214
14229
14469
14215
14230
14470
14216
14231
14471
14217
14232
14472
14218
14233
14473
14219
14234
14474
14220
14235
14475
14221
14236
14476
14222
14237
14477
14223
14238
14478
14239
14479
14225
14240
14480
14226
14241
14481
14227
14242
14482
14228
14243
14483
14229
14244
14484
14230
14245
14485
14231
14246
14486
14232
14247
14487
14233
14248
14488
14234
14249
14489
14235
14250
14490
14236
14251
14491
14237
14252
14492
14238
14253
14493
14239
14254
14494
14255
14495
14241
14256
14496
14242
14257
14497
14243
14258
14498
14244
14259
14499
14245
14260
14500
14246
14261
14501
14247
14262
14502
14248
14263
14503
14249
14264
14504
14250
14265
14505
14251
14266
14506
14252
14267
14507
14253
14268
14508
14254
14269
14509
14255
14270
14510
14271
14511
14257
14272
14512
14258
14273
14513
14259
14274
14514
14260
14275
14515
14261
14276
14516
14262
14277
14517
14263
14278
14518
14264
14279
14519
14265
14280
14520
14266
14281
14521
14267
14282
14522
14268
14283
14523
14269
14284
14524
14270
14285
14525
14271
14286
14526
14287
14527
14273
14288
14528
14274
14289
14529
14275
14290
14530
14276
14291
14531
14277
14292
14532
14278
14293
14533
14279
14294
14534
14280
14295
14535
14281
14296
14536
14282
14297
14537
14283
14298
14538
14284
14299
14539
14285
14300
14540
14286
14301
14541
14287
14302
14542
14303
14543
14289
14304
14544
14290
14305
14545
14291
14306
14546
14292
14307
14547
14293
14308
14548
14294
14309
14549
14295
14310
14550
14296
14311
14551
14297
14312
14552
14298
14313
14553
14299
14314
14554
14300
14315
14555
14301
14316
14556
14302
14317
14557
14303
14318
14558
14319
14559
14305
14320
14560
14306
14321
14561
14307
14322
14562
14308
14323
14563
14309
14324
14564
14310
14325
14565
14311
14326
14566
14312
14327
14567
14313
14328
14568
14314
14329
14569
14315
14330
14570
14316
14331
14571
14317
14332
14572
14318
14333
14573
14319
14334
14574
14335
14575
14321
14576
14322
14577
14323
14578
14324
14579
14325
14580
14326
14581
14327
14582
14328
14583
14329
14584
14330
14585
14331
14586
14332
14587
14333
14588
14334
14589
14335
14590
14591
14337
14352
14592
14338
14353
14593
14339
14354
14594
14340
14355
14595
14341
14356
14596
14342
14357
14597
14343
14358
14598
14344
14359
14599
14345
14360
14600
14346
14361
14601
14347
14362
14602
14348
14363
14603
14349
14364
14604
14350
14365
14605
14351
14366
14606
14367
14607
14353
14368
14608
14354
14369
14609
14355
14370
14610
14356
14371
14611
14357
14372
14612
14358
14373
14613
14359
14374
14614
14360
14375
14615
14361
14376
14616
14362
14377
14617
14363
14378
14618
14364
14379
14619
14365
14380
14620
14366
14381
14621
14367
14382
14622
14383
14623
14369
14384
14624
14370
14385
14625
14371
14386
14626
14372
14387
14627
14373
14388
14628
14374
14389
14629
14375
14390
14630
14376
14391
14631
14377
14392
14632
14378
14393
14633
14379
14394
14634
14380
14395
14635
14381
14396
14636
14382
14397
14637
14383
14398
14638
14399
14639
14385
14400
14640
14386
14401
14641
14387
14402
14642
14388
14403
14643
14389
14404
14644
14390
14405
14645
14391
14406
14646
14392
14407
14647
14393
14408
14648
14394
14409
14649
14395
14410
14650
14396
14411
14651
14397
14412
14652
14398
14413
14653
14399
14414
14654
14415
14655
14401
14416
14656
14402
14417
14657
14403
14418
14658
14404
14419
14659
14405
14420
14660
14406
14421
14661
14407
14422
14662
14408
14423
14663
14409
14424
14664
14410
14425
14665
14411
14426
14666
14412
14427
14667
14413
14428
14668
14414
14429
14669
14415
14430
14670
14431
14671
14417
14432
14672
14418
14433
14673
14419
14434
14674
14420
14435
14675
14421
14436
14676
14422
14437
14677
14423
14438
14678
14424
14439
14679
14425
14440
14680
14426
14441
14681
14427
14442
14682
14428
14443
14683
14429
14444
14684
14430
14445
14685
14431
14446
14686
14447
14687
14433
14448
14688
14434
14449
14689
14435
14450
14690
14436
14451
14691
14437
14452
14692
14438
14453
14693
14439
14454
14694
14440
14455
14695
14441
14456
14696
14442
14457
14697
14443
14458
14698
14444
14459
14699
14445
14460
14700
14446
14461
14701
14447
14462
14702
14463
14703
14449
14464
14704
14450
14465
14705
14451
14466
14706
14452
14467
14707
14453
14468
14708
14454
14469
14709
14455
14470
14710
14456
14471
14711
14457
14472
14712
14458
14473
14713
14459
14474
14714
14460
14475
14715
14461
14476
14716
14462
14477
14717
14463
14478
14718
14479
14719
14465
14480
14720
14466
14481
14721
14467
14482
14722
14468
14483
14723
14469
14484
14724
14470
14485
14725
14471
14486
14726
14472
14487
14727
14473
14488
14728
14474
14489
14729
14475
14490
14730
14476
14491
14731
14477
14492
14732
14478
14493
14733
14479
14494
14734
14495
14735
14481
14496
14736
14482
14497
14737
14483
14498
14738
14484
14499
14739
14485
14500
14740
14486
14501
14741
14487
14502
14742
14488
14503
14743
14489
14504
14744
14490
14505
14745
14491
14506
14746
14492
14507
14747
14493
14508
14748
14494
14509
14749
14495
14510
14750
14511
14751
14497
14512
14752
14498
14513
14753
14499
14514
14754
14500
14515
14755
14501
14516
14756
14502
14517
14757
14503
14518
14758
14504
14519
14759
14505
14520
14760
14506
14521
14761
14507
14522
14762
14508
14523
14763
14509
14524
14764
14510
14525
14765
14511
14526
14766
14527
14767
14513
14528
14768
14514
14529
14769
14515
14530
14770
14516
14531
14771
14517
14532
14772
14518
14533
14773
14519
14534
14774
14520
14535
14775
14521
14536
14776
14522
14537
14777
14523
14538
14778
14524
14539
14779
14525
14540
14780
14526
14541
14781
14527
14542
14782
14543
14783
14529
14544
14784
14530
14545
14785
14531
14546
14786
14532
14547
14787
14533
14548
14788
14534
14549
14789
14535
14550
14790
14536
14551
14791
14537
14552
14792
14538
14553
14793
14539
14554
14794
14540
14555
14795
14541
14556
14796
14542
14557
14797
14543
14558
14798
14559
14799
14545
14560
14800
14546
14561
14801
14547
14562
14802
14548
14563
14803
14549
14564
14804
14550
14565
14805
14551
14566
14806
14552
14567
14807
14553
14568
14808
14554
14569
14809
14555
14570
14810
14556
14571
14811
14557
14572
14812
14558
14573
14813
14559
14574
14814
14575
14815
14561
14576
14816
14562
14577
14817
14563
14578
14818
14564
14579
14819
14565
14580
14820
14566
14581
14821
14567
14582
14822
14568
14583
14823
14569
14584
14824
14570
14585
14825
14571
14586
14826
14572
14587
14827
14573
14588
14828
14574
14589
14829
14575
14590
14830
14591
14831
14577
14832
14578
14833
14579
14834
14580
14835
14581
14836
14582
14837
14583
14838
14584
14839
14585
14840
14586
14841
14587
14842
14588
14843
14589
14844
14590
14845
14591
14846
14847
14593
14608
14848
14594
14609
14849
14595
14610
14850
14596
14611
14851
14597
14612
14852
14598
14613
14853
14599
14614
14854
14600
14615
14855
14601
14616
14856
14602
14617
14857
14603
14618
14858
14604
14619
14859
14605
14620
14860
14606
14621
14861
14607
14622
14862
14623
14863
14609
14624
14864
14610
14625
14865
14611
14626
14866
14612
14627
14867
14613
14628
14868
14614
14629
14869
14615
14630
14870
14616
14631
14871
14617
14632
14872
14618
14633
14873
14619
14634
14874
14620
14635
14875
14621
14636
14876
14622
14637
14877
14623
14638
14878
14639
14879
14625
14640
14880
14626
14641
14881
14627
14642
14882
14628
14643
14883
14629
14644
14884
14630
14645
14885
14631
14646
14886
14632
14647
14887
14633
14648
14888
14634
14649
14889
14635
14650
14890
14636
14651
14891
14637
14652
14892
14638
14653
14893
14639
14654
14894
14655
14895
14641
14656
14896
14642
14657
14897
14643
14658
14898
14644
14659
14899
14645
14660
14900
14646
14661
14901
14647
14662
14902
14648
14663
14903
14649
14664
14904
14650
14665
14905
14651
14666
14906
14652
14667
14907
14653
14668
14908
14654
14669
14909
14655
14670
14910
14671
14911
14657
14672
14912
14658
14673
14913
14659
14674
14914
14660
14675
14915
14661
14676
14916
14662
14677
14917
14663
14678
14918
14664
14679
14919
14665
14680
14920
14666
14681
14921
14667
14682
14922
14668
14683
14923
14669
14684
14924
14670
14685
14925
14671
14686
14926
14687
14927
14673
14688
14928
14674
14689
14929
14675
14690
14930
14676
14691
14931
14677
14692
14932
14678
14693
14933
14679
14694
14934
14680
14695
14935
14681
14696
14936
14682
14697
14937
14683
14698
14938
14684
14699
14939
14685
14700
14940
14686
14701
14941
14687
14702
14942
14703
14943
14689
14704
14944
14690
14705
14945
14691
14706
14946
14692
14707
14947
14693
14708
14948
14694
14709
14949
14695
14710
14950
14696
14711
14951
14697
14712
14952
14698
14713
14953
14699
14714
14954
14700
14715
14955
14701
14716
14956
14702
14717
14957
14703
14718
14958
14719
14959
14705
14720
14960
14706
14721
14961
14707
14722
14962
14708
14723
14963
14709
14724
14964
14710
14725
14965
14711
14726
14966
14712
14727
14967
14713
14728
14968
14714
14729
14969
14715
14730
14970
14716
14731
14971
14717
14732
14972
14718
14733
14973
14719
14734
14974
14735
14975
14721
14736
14976
14722
14737
14977
14723
14738
14978
14724
14739
14979
14725
14740
14980
14726
14741
14981
14727
14742
14982
14728
14743
14983
14729
14744
14984
14730
14745
14985
14731
14746
14986
14732
14747
14987
14733
14748
14988
14734
14749
14989
14735
14750
14990
14751
14991
14737
14752
14992
14738
14753
14993
14739
14754
14994
14740
14755
14995
14741
14756
14996
14742
14757
14997
14743
14758
14998
14744
14759
14999
14745
14760
15000
14746
14761
15001
14747
14762
15002
14748
14763
15003
14749
14764
15004
14750
14765
15005
14751
14766
15006
14767
15007
14753
14768
15008
14754
14769
15009
14755
14770
15010
14756
14771
15011
14757
14772
15012
14758
14773
15013
14759
14774
15014
14760
14775
15015
14761
14776
15016
14762
14777
15017
14763
14778
15018
14764
14779
15019
14765
14780
15020
14766
14781
15021
14767
14782
15022
14783
15023
14769
14784
15024
14770
14785
15025
14771
14786
15026
14772
14787
15027
14773
14788
15028
14774
14789
15029
14775
14790
15030
14776
14791
15031
14777
14792
15032
14778
14793
15033
14779
14794
15034
14780
14795
15035
14781
14796
15036
14782
14797
15037
14783
14798
15038
14799
15039
14785
14800
15040
14786
14801
15041
14787
14802
15042
14788
14803
15043
14789
14804
15044
14790
14805
15045
14791
14806
15046
14792
14807
15047
14793
14808
15048
14794
14809
15049
14795
14810
15050
14796
14811
15051
14797
14812
15052
14798
14813
15053
14799
14814
15054
14815
15055
14801
14816
15056
14802
14817
15057
14803
14818
15058
14804
14819
15059
14805
14820
15060
14806
14821
15061
14807
14822
15062
14808
14823
15063
14809
14824
15064
14810
14825
15065
14811
14826
15066
14812
14827
15067
14813
14828
15068
14814
14829
15069
14815
14830
15070
14831
15071
14817
14832
15072
14818
14833
15073
14819
14834
15074
14820
14835
15075
14821
14836
15076
14822
14837
15077
14823
14838
15078
14824
14839
15079
14825
14840
15080
14826
14841
15081
14827
14842
15082
14828
14843
15083
14829
14844
15084
14830
14845
15085
14831
14846
15086
14847
15087
14833
15088
14834
15089
14835
15090
14836
15091
14837
15092
14838
15093
14839
15094
14840
15095
14841
15096
14842
15097
14843
15098
14844
15099
14845
15100
14846
15101
14847
15102
15103
14849
14864
15104
14850
14865
15105
14851
14866
15106
14852
14867
15107
14853
14868
15108
14854
14869
15109
14855
14870
15110
14856
14871
15111
14857
14872
15112
14858
14873
15113
14859
14874
15114
14860
14875
15115
14861
14876
15116
14862
14877
15117
14863
14878
15118
14879
15119
14865
14880
15120
14866
14881
15121
14867
14882
15122
14868
14883
15123
14869
14884
15124
14870
14885
15125
14871
14886
15126
14872
14887
15127
14873
14888
15128
14874
14889
15129
14875
14890
15130
14876
14891
15131
14877
14892
15132
14878
14893
15133
14879
14894
15134
14895
15135
14881
14896
15136
14882
14897
15137
14883
14898
15138
14884
14899
15139
14885
14900
15140
14886
14901
15141
14887
14902
15142
14888
14903
15143
14889
14904
15144
14890
14905
15145
14891
14906
15146
14892
14907
15147
14893
14908
15148
14894
14909
15149
14895
14910
15150
14911
15151
14897
14912
15152
14898
14913
15153
14899
14914
15154
14900
14915
15155
14901
14916
15156
14902
14917
15157
14903
14918
15158
14904
14919
15159
14905
14920
15160
14906
14921
15161
14907
14922
15162
14908
14923
15163
14909
14924
15164
14910
14925
15165
14911
14926
15166
14927
15167
14913
14928
15168
14914
14929
15169
14915
14930
15170
14916
14931
15171
14917
14932
15172
14918
14933
15173
14919
14934
15174
14920
14935
15175
14921
14936
15176
14922
14937
15177
14923
14938
15178
14924
14939
15179
14925
14940
15180
14926
14941
15181
14927
14942
15182
14943
15183
14929
14944
15184
14930
14945
15185
14931
14946
15186
14932
14947
15187
14933
14948
15188
14934
14949
15189
14935
14950
15190
14936
14951
15191
14937
14952
15192
14938
14953
15193
14939
14954
15194
14940
14955
15195
14941
14956
15196
14942
14957
15197
14943
14958
15198
14959
15199
14945
14960
15200
14946
14961
15201
14947
14962
15202
14948
14963
15203
14949
14964
15204
14950
14965
15205
14951
14966
15206
14952
14967
15207
14953
14968
15208
14954
14969
15209
14955
14970
15210
14956
14971
15211
14957
14972
15212
14958
14973
15213
14959
14974
15214
14975
15215
14961
14976
15216
14962
14977
15217
14963
14978
15218
14964
14979
15219
14965
14980
15220
14966
14981
15221
14967
14982
15222
14968
14983
15223
14969
14984
15224
14970
14985
15225
14971
14986
15226
14972
14987
15227
14973
14988
15228
14974
14989
15229
14975
14990
15230
14991
15231
14977
14992
15232
14978
14993
15233
14979
14994
15234
14980
14995
15235
14981
14996
15236
14982
14997
15237
14983
14998
15238
14984
14999
15239
14985
15000
15240
14986
15001
15241
14987
15002
15242
14988
15003
15243
14989
15004
15244
14990
15005
15245
14991
15006
15246
15007
15247
14993
15008
15248
14994
15009
15249
14995
15010
15250
14996
15011
15251
14997
15012
15252
14998
15013
15253
14999
15014
15254
15000
15015
15255
15001
15016
15256
15002
15017
15257
15003
15018
15258
15004
15019
15259
15005
15020
15260
15006
15021
15261
15007
15022
15262
15023
15263
15009
15024
15264
15010
15025
15265
15011
15026
15266
15012
15027
15267
15013
15028
15268
15014
15029
15269
15015
15030
15270
15016
15031
15271
15017
15032
15272
15018
15033
15273
15019
15034
15274
15020
15035
15275
15021
15036
15276
15022
15037
15277
15023
15038
15278
15039
15279
15025
15040
15280
15026
15041
15281
15027
15042
15282
15028
15043
15283
15029
15044
15284
15030
15045
15285
15031
15046
15286
15032
15047
15287
15033
15048
15288
15034
15049
15289
15035
15050
15290
15036
15051
15291
15037
15052
15292
15038
15053
15293
15039
15054
15294
15055
15295
15041
15056
15296
15042
15057
15297
15043
15058
15298
15044
15059
15299
15045
15060
15300
15046
15061
15301
15047
15062
15302
15048
15063
15303
15049
15064
15304
15050
15065
15305
15051
15066
15306
15052
15067
15307
15053
15068
15308
15054
15069
15309
15055
15070
15310
15071
15311
15057
15072
15312
15058
15073
15313
15059
15074
15314
15060
15075
15315
15061
15076
15316
15062
15077
15317
15063
15078
15318
15064
15079
15319
15065
15080
15320
15066
15081
15321
15067
15082
15322
15068
15083
15323
15069
15084
15324
15070
15085
15325
15071
15086
15326
15087
15327
15073
15088
15328
15074
15089
15329
15075
15090
15330
15076
15091
15331
15077
15092
15332
15078
15093
15333
15079
15094
15334
15080
15095
15335
15081
15096
15336
15082
15097
15337
15083
15098
15338
15084
15099
15339
15085
15100
15340
15086
15101
15341
15087
15102
15342
15103
15343
15089
15344
15090
15345
15091
15346
15092
15347
15093
15348
15094
15349
15095
15350
15096
15351
15097
15352
15098
15353
15099
15354
15100
15355
15101
15356
15102
15357
15103
15358
15359
15105
15120
15360
15106
15121
15361
15107
15122
15362
15108
15123
15363
15109
15124
15364
15110
15125
15365
15111
15126
15366
15112
15127
15367
15113
15128
15368
15114
15129
15369
15115
15130
15370
15116
15131
15371
15117
15132
15372
15118
15133
15373
15119
15134
15374
15135
15375
15121
15136
15376
15122
15137
15377
15123
15138
15378
15124
15139
15379
15125
15140
15380
15126
15141
15381
15127
15142
15382
15128
15143
15383
15129
15144
15384
15130
15145
15385
15131
15146
15386
15132
15147
15387
15133
15148
15388
15134
15149
15389
15135
15150
15390
15151
15391
15137
15152
15392
15138
15153
15393
15139
15154
15394
15140
15155
15395
15141
15156
15396
15142
15157
15397
15143
15158
15398
15144
15159
15399
15145
15160
15400
15146
15161
15401
15147
15162
15402
15148
15163
15403
15149
15164
15404
15150
15165
15405
15151
15166
15406
15167
15407
15153
15168
15408
15154
15169
15409
15155
15170
15410
15156
15171
15411
15157
15172
15412
15158
15173
15413
15159
15174
15414
15160
15175
15415
15161
15176
15416
15162
15177
15417
15163
15178
15418
15164
15179
15419
15165
15180
15420
15166
15181
15421
15167
15182
15422
15183
15423
15169
15184
15424
15170
15185
15425
15171
15186
15426
15172
15187
15427
15173
15188
15428
15174
15189
15429
15175
15190
15430
15176
15191
15431
15177
15192
15432
15178
15193
15433
15179
15194
15434
15180
15195
15435
15181
15196
15436
15182
15197
15437
15183
15198
15438
15199
15439
15185
15200
15440
15186
15201
15441
15187
15202
15442
15188
15203
15443
15189
15204
15444
15190
15205
15445
15191
15206
15446
15192
15207
15447
15193
15208
15448
15194
15209
15449
15195
15210
15450
15196
15211
15451
15197
15212
15452
15198
15213
15453
15199
15214
15454
15215
15455
15201
15216
15456
15202
15217
15457
15203
15218
15458
15204
15219
15459
15205
15220
15460
15206
15221
15461
15207
15222
15462
15208
15223
15463
15209
15224
15464
15210
15225
15465
15211
15226
15466
15212
15227
15467
15213
15228
15468
15214
15229
15469
15215
15230
15470
15231
15471
15217
15232
15472
15218
15233
15473
15219
15234
15474
15220
15235
15475
15221
15236
15476
15222
15237
15477
15223
15238
15478
15224
15239
15479
15225
15240
15480
15226
15241
15481
15227
15242
15482
15228
15243
15483
15229
15244
15484
15230
15245
15485
15231
15246
15486
15247
15487
15233
15248
15488
15234
15249
15489
15235
15250
15490
15236
15251
15491
15237
15252
15492
15238
15253
15493
15239
15254
15494
15240
15255
15495
15241
15256
15496
15242
15257
15497
15243
15258
15498
15244
15259
15499
15245
15260
15500
15246
15261
15501
15247
15262
15502
15263
15503
15249
15264
15504
15250
15265
15505
15251
15266
15506
15252
15267
15507
15253
15268
15508
15254
15269
15509
15255
15270
15510
15256
15271
15511
15257
15272
15512
15258
15273
15513
15259
15274
15514
15260
15275
15515
15261
15276
15516
15262
15277
15517
15263
15278
15518
15279
15519
15265
15280
15520
15266
15281
15521
15267
15282
15522
15268
15283
15523
15269
15284
15524
15270
15285
15525
15271
15286
15526
15272
15287
15527
15273
15288
15528
15274
15289
15529
15275
15290
15530
15276
15291
15531
15277
15292
15532
15278
15293
15533
15279
15294
15534
15295
15535
15281
15296
15536
15282
15297
15537
15283
15298
15538
15284
15299
15539
15285
15300
15540
15286
15301
15541
15287
15302
15542
15288
15303
15543
15289
15304
15544
15290
15305
15545
15291
15306
15546
15292
15307
15547
15293
15308
15548
15294
15309
15549
15295
15310
15550
15311
15551
15297
15312
15552
15298
15313
15553
15299
15314
15554
15300
15315
15555
15301
15316
15556
15302
15317
15557
15303
15318
15558
15304
15319
15559
15305
15320
15560
15306
15321
15561
15307
15322
15562
15308
15323
15563
15309
15324
15564
15310
15325
15565
15311
15326
15566
15327
15567
15313
15328
15568
15314
15329
15569
15315
15330
15570
15316
15331
15571
15317
15332
15572
15318
15333
15573
15319
15334
15574
15320
15335
15575
15321
15336
15576
15322
15337
15577
15323
15338
15578
15324
15339
15579
15325
15340
15580
15326
15341
15581
15327
15342
15582
15343
15583
15329
15344
15584
15330
15345
15585
15331
15346
15586
15332
15347
15587
15333
15348
15588
15334
15349
15589
15335
15350
15590
15336
15351
15591
15337
15352
15592
15338
15353
15593
15339
15354
15594
15340
15355
15595
15341
15356
15596
15342
15357
15597
15343
15358
15598
15359
15599
15345
15600
15346
15601
15347
15602
15348
15603
15349
15604
15350
15605
15351
15606
15352
15607
15353
15608
15354
15609
15355
15610
15356
15611
15357
15612
15358
15613
15359
15614
15615
15361
15376
15616
15362
15377
15617
15363
15378
15618
15364
15379
15619
15365
15380
15620
15366
15381
15621
15367
15382
15622
15368
15383
15623
15369
15384
15624
15370
15385
15625
15371
15386
15626
15372
15387
15627
15373
15388
15628
15374
15389
15629
15375
15390
15630
15391
15631
15377
15392
15632
15378
15393
15633
15379
15394
15634
15380
15395
15635
15381
15396
15636
15382
15397
15637
15383
15398
15638
15384
15399
15639
15385
15400
15640
15386
15401
15641
15387
15402
15642
15388
15403
15643
15389
15404
15644
15390
15405
15645
15391
15406
15646
15407
15647
15393
15408
15648
15394
15409
15649
15395
15410
15650
15396
15411
15651
15397
15412
15652
15398
15413
15653
15399
15414
15654
15400
15415
15655
15401
15416
15656
15402
15417
15657
15403
15418
15658
15404
15419
15659
15405
15420
15660
15406
15421
15661
15407
15422
15662
15423
15663
15409
15424
15664
15410
15425
15665
15411
15426
15666
15412
15427
15667
15413
15428
15668
15414
15429
15669
15415
15430
15670
15416
15431
15671
15417
15432
15672
15418
15433
15673
15419
15434
15674
15420
15435
15675
15421
15436
15676
15422
15437
15677
15423
15438
15678
15439
15679
15425
15440
15680
15426
15441
15681
15427
15442
15682
15428
15443
15683
15429
15444
15684
15430
15445
15685
15431
15446
15686
15432
15447
15687
15433
15448
15688
15434
15449
15689
15435
15450
15690
15436
15451
15691
15437
15452
15692
15438
15453
15693
15439
15454
15694
15455
15695
15441
15456
15696
15442
15457
15697
15443
15458
15698
15444
15459
15699
15445
15460
15700
15446
15461
15701
15447
15462
15702
15448
15463
15703
15449
15464
15704
15450
15465
15705
15451
15466
15706
15452
15467
15707
15453
15468
15708
15454
15469
15709
15455
15470
15710
15471
15711
15457
15472
15712
15458
15473
15713
15459
15474
15714
15460
15475
15715
15461
15476
15716
15462
15477
15717
15463
15478
15718
15464
15479
15719
15465
15480
15720
15466
15481
15721
15467
15482
15722
15468
15483
15723
15469
15484
15724
15470
15485
15725
15471
15486
15726
15487
15727
15473
15488
15728
15474
15489
15729
15475
15490
15730
15476
15491
15731
15477
15492
15732
15478
15493
15733
15479
15494
15734
15480
15495
15735
15481
15496
15736
15482
15497
15737
15483
15498
15738
15484
15499
15739
15485
15500
15740
15486
15501
15741
15487
15502
15742
15503
15743
15489
15504
15744
15490
15505
15745
15491
15506
15746
15492
15507
15747
15493
15508
15748
15494
15509
15749
15495
15510
15750
15496
15511
15751
15497
15512
15752
15498
15513
15753
15499
15514
15754
15500
15515
15755
15501
15516
15756
15502
15517
15757
15503
15518
15758
15519
15759
15505
15520
15760
15506
15521
15761
15507
15522
15762
15508
15523
15763
15509
15524
15764
15510
15525
15765
15511
15526
15766
15512
15527
15767
15513
15528
15768
15514
15529
15769
15515
15530
15770
15516
15531
15771
15517
15532
15772
15518
15533
15773
15519
15534
15774
15535
15775
15521
15536
15776
15522
15537
15777
15523
15538
15778
15524
15539
15779
15525
15540
15780
15526
15541
15781
15527
15542
15782
15528
15543
15783
15529
15544
15784
15530
15545
15785
15531
15546
15786
15532
15547
15787
15533
15548
15788
15534
15549
15789
15535
15550
15790
15551
15791
15537
15552
15792
15538
15553
15793
15539
15554
15794
15540
15555
15795
15541
15556
15796
15542
15557
15797
15543
15558
15798
15544
15559
15799
15545
15560
15800
15546
15561
15801
15547
15562
15802
15548
15563
15803
15549
15564
15804
15550
15565
15805
15551
15566
15806
15567
15807
15553
15568
15808
15554
15569
15809
15555
15570
15810
15556
15571
15811
15557
15572
15812
15558
15573
15813
15559
15574
15814
15560
15575
15815
15561
15576
15816
15562
15577
15817
15563
15578
15818
15564
15579
15819
15565
15580
15820
15566
15581
15821
15567
15582
15822
15583
15823
15569
15584
15824
15570
15585
15825
15571
15586
15826
15572
15587
15827
15573
15588
15828
15574
15589
15829
15575
15590
15830
15576
15591
15831
15577
15592
15832
15578
15593
15833
15579
15594
15834
15580
15595
15835
15581
15596
15836
15582
15597
15837
15583
15598
15838
15599
15839
15585
15600
15840
15586
15601
15841
15587
15602
15842
15588
15603
15843
15589
15604
15844
15590
15605
15845
15591
15606
15846
15592
15607
15847
15593
15608
15848
15594
15609
15849
15595
15610
15850
15596
15611
15851
15597
15612
15852
15598
15613
15853
15599
15614
15854
15615
15855
15601
15856
15602
15857
15603
15858
15604
15859
15605
15860
15606
15861
15607
15862
15608
15863
15609
15864
15610
15865
15611
15866
15612
15867
15613
15868
15614
15869
15615
15870
15871
15617
15632
15872
15618
15633
15873
15619
15634
15874
15620
15635
15875
15621
15636
15876
15622
15637
15877
15623
15638
15878
15624
15639
15879
15625
15640
15880
15626
15641
15881
15627
15642
15882
15628
15643
15883
15629
15644
15884
15630
15645
15885
15631
15646
15886
15647
15887
15633
15648
15888
15634
15649
15889
15635
15650
15890
15636
15651
15891
15637
15652
15892
15638
15653
15893
15639
15654
15894
15640
15655
15895
15641
15656
15896
15642
15657
15897
15643
15658
15898
15644
15659
15899
15645
15660
15900
15646
15661
15901
15647
15662
15902
15663
15903
15649
15664
15904
15650
15665
15905
15651
15666
15906
15652
15667
15907
15653
15668
15908
15654
15669
15909
15655
15670
15910
15656
15671
15911
15657
15672
15912
15658
15673
15913
15659
15674
15914
15660
15675
15915
15661
15676
15916
15662
15677
15917
15663
15678
15918
15679
15919
15665
15680
15920
15666
15681
15921
15667
15682
15922
15668
15683
15923
15669
15684
15924
15670
15685
15925
15671
15686
15926
15672
15687
15927
15673
15688
15928
15674
15689
15929
15675
15690
15930
15676
15691
15931
15677
15692
15932
15678
15693
15933
15679
15694
15934
15695
15935
15681
15696
15936
15682
15697
15937
15683
15698
15938
15684
15699
15939
15685
15700
15940
15686
15701
15941
15687
15702
15942
15688
15703
15943
15689
15704
15944
15690
15705
15945
15691
15706
15946
15692
15707
15947
15693
15708
15948
15694
15709
15949
15695
15710
15950
15711
15951
15697
15712
15952
15698
15713
15953
15699
15714
15954
15700
15715
15955
15701
15716
15956
15702
15717
15957
15703
15718
15958
15704
15719
15959
15705
15720
15960
15706
15721
15961
15707
15722
15962
15708
15723
15963
15709
15724
15964
15710
15725
15965
15711
15726
15966
15727
15967
15713
15728
15968
15714
15729
15969
15715
15730
15970
15716
15731
15971
15717
15732
15972
15718
15733
15973
15719
15734
15974
15720
15735
15975
15721
15736
15976
15722
15737
15977
15723
15738
15978
15724
15739
15979
15725
15740
15980
15726
15741
15981
15727
15742
15982
15743
15983
15729
15744
15984
15730
15745
15985
15731
15746
15986
15732
15747
15987
15733
15748
15988
15734
15749
15989
15735
15750
15990
15736
15751
15991
15737
15752
15992
15738
15753
15993
15739
15754
15994
15740
15755
15995
15741
15756
15996
15742
15757
15997
15743
15758
15998
15759
15999
15745
15760
16000
15746
15761
16001
15747
15762
16002
15748
15763
16003
15749
15764
16004
15750
15765
16005
15751
15766
16006
15752
15767
16007
15753
15768
16008
15754
15769
16009
15755
15770
16010
15756
15771
16011
15757
15772
16012
15758
15773
16013
15759
15774
16014
15775
16015
15761
15776
16016
15762
15777
16017
15763
15778
16018
15764
15779
16019
15765
15780
16020
15766
15781
16021
15767
15782
16022
15768
15783
16023
15769
15784
16024
15770
15785
16025
15771
15786
16026
15772
15787
16027
15773
15788
16028
15774
15789
16029
15775
15790
16030
15791
16031
15777
15792
16032
15778
15793
16033
15779
15794
16034
15780
15795
16035
15781
15796
16036
15782
15797
16037
15783
15798
16038
15784
15799
16039
15785
15800
16040
15786
15801
16041
15787
15802
16042
15788
15803
16043
15789
15804
16044
15790
15805
16045
15791
15806
16046
15807
16047
15793
15808
16048
15794
15809
16049
15795
15810
16050
15796
15811
16051
15797
15812
16052
15798
15813
16053
15799
15814
16054
15800
15815
16055
15801
15816
16056
15802
15817
16057
15803
15818
16058
15804
15819
16059
15805
15820
16060
15806
15821
16061
15807
15822
16062
15823
16063
15809
15824
16064
15810
15825
16065
15811
15826
16066
15812
15827
16067
15813
15828
16068
15814
15829
16069
15815
15830
16070
15816
15831
16071
15817
15832
16072
15818
15833
16073
15819
15834
16074
15820
15835
16075
15821
15836
16076
15822
15837
16077
15823
15838
16078
15839
16079
15825
15840
16080
15826
15841
16081
15827
15842
16082
15828
15843
16083
15829
15844
16084
15830
15845
16085
15831
15846
16086
15832
15847
16087
15833
15848
16088
15834
15849
16089
15835
15850
16090
15836
15851
16091
15837
15852
16092
15838
15853
16093
15839
15854
16094
15855
16095
15841
15856
16096
15842
15857
16097
15843
15858
16098
15844
15859
16099
15845
15860
16100
15846
15861
16101
15847
15862
16102
15848
15863
16103
15849
15864
16104
15850
15865
16105
15851
15866
16106
15852
15867
16107
15853
15868
16108
15854
15869
16109
15855
15870
16110
15871
16111
15857
16112
15858
16113
15859
16114
15860
16115
15861
16116
15862
16117
15863
16118
15864
16119
15865
16120
15866
16121
15867
16122
15868
16123
15869
16124
15870
16125
15871
16126
16127
15873
15888
16128
15874
15889
16129
15875
15890
16130
15876
15891
16131
15877
15892
16132
15878
15893
16133
15879
15894
16134
15880
15895
16135
15881
15896
16136
15882
15897
16137
15883
15898
16138
15884
15899
16139
15885
15900
16140
15886
15901
16141
15887
15902
16142
15903
16143
15889
15904
16144
15890
15905
16145
15891
15906
16146
15892
15907
16147
15893
15908
16148
15894
15909
16149
15895
15910
16150
15896
15911
16151
15897
15912
16152
15898
15913
16153
15899
15914
16154
15900
15915
16155
15901
15916
16156
15902
15917
16157
15903
15918
16158
15919
16159
15905
15920
16160
15906
15921
16161
15907
15922
16162
15908
15923
16163
15909
15924
16164
15910
15925
16165
15911
15926
16166
15912
15927
16167
15913
15928
16168
15914
15929
16169
15915
15930
16170
15916
15931
16171
15917
15932
16172
15918
15933
16173
15919
15934
16174
15935
16175
15921
15936
16176
15922
15937
16177
15923
15938
16178
15924
15939
16179
15925
15940
16180
15926
15941
16181
15927
15942
16182
15928
15943
16183
15929
15944
16184
15930
15945
16185
15931
15946
16186
15932
15947
16187
15933
15948
16188
15934
15949
16189
15935
15950
16190
15951
16191
15937
15952
16192
15938
15953
16193
15939
15954
16194
15940
15955
16195
15941
15956
16196
15942
15957
16197
15943
15958
16198
15944
15959
16199
15945
15960
16200
15946
15961
16201
15947
15962
16202
15948
15963
16203
15949
15964
16204
15950
15965
16205
15951
15966
16206
15967
16207
15953
15968
16208
15954
15969
16209
15955
15970
16210
15956
15971
16211
15957
15972
16212
15958
15973
16213
15959
15974
16214
15960
15975
16215
15961
15976
16216
15962
15977
16217
15963
15978
16218
15964
15979
16219
15965
15980
16220
15966
15981
16221
15967
15982
16222
15983
16223
15969
15984
16224
15970
15985
16225
15971
15986
16226
15972
15987
16227
15973
15988
16228
15974
15989
16229
15975
15990
16230
15976
15991
16231
15977
15992
16232
15978
15993
16233
15979
15994
16234
15980
15995
16235
15981
15996
16236
15982
15997
16237
15983
15998
16238
15999
16239
15985
16000
16240
15986
16001
16241
15987
16002
16242
15988
16003
16243
15989
16004
16244
15990
16005
16245
15991
16006
16246
15992
16007
16247
15993
16008
16248
15994
16009
16249
15995
16010
16250
15996
16011
16251
15997
16012
16252
15998
16013
16253
15999
16014
16254
16015
16255
16001
16016
16256
16002
16017
16257
16003
16018
16258
16004
16019
16259
16005
16020
16260
16006
16021
16261
16007
16022
16262
16008
16023
16263
16009
16024
16264
16010
16025
16265
16011
16026
16266
16012
16027
16267
16013
16028
16268
16014
16029
16269
16015
16030
16270
16031
16271
16017
16032
16272
16018
16033
16273
16019
16034
16274
16020
16035
16275
16021
16036
16276
16022
16037
16277
16023
16038
16278
16024
16039
16279
16025
16040
16280
16026
16041
16281
16027
16042
16282
16028
16043
16283
16029
16044
16284
16030
16045
16285
16031
16046
16286
16047
16287
16033
16048
16288
16034
16049
16289
16035
16050
16290
16036
16051
16291
16037
16052
16292
16038
16053
16293
16039
16054
16294
16040
16055
16295
16041
16056
16296
16042
16057
16297
16043
16058
16298
16044
16059
16299
16045
16060
16300
16046
16061
16301
16047
16062
16302
16063
16303
16049
16064
16304
16050
16065
16305
16051
16066
16306
16052
16067
16307
16053
16068
16308
16054
16069
16309
16055
16070
16310
16056
16071
16311
16057
16072
16312
16058
16073
16313
16059
16074
16314
16060
16075
16315
16061
16076
16316
16062
16077
16317
16063
16078
16318
16079
16319
16065
16080
16320
16066
16081
16321
16067
16082
16322
16068
16083
16323
16069
16084
16324
16070
16085
16325
16071
16086
16326
16072
16087
16327
16073
16088
16328
16074
16089
16329
16075
16090
16330
16076
16091
16331
16077
16092
16332
16078
16093
16333
16079
16094
16334
16095
16335
16081
16096
16336
16082
16097
16337
16083
16098
16338
16084
16099
16339
16085
16100
16340
16086
16101
16341
16087
16102
16342
16088
16103
16343
16089
16104
16344
16090
16105
16345
16091
16106
16346
16092
16107
16347
16093
16108
16348
16094
16109
16349
16095
16110
16350
16111
16351
16097
16112
16352
16098
16113
16353
16099
16114
16354
16100
16115
16355
16101
16116
16356
16102
16117
16357
16103
16118
16358
16104
16119
16359
16105
16120
16360
16106
16121
16361
16107
16122
16362
16108
16123
16363
16109
16124
16364
16110
16125
16365
16111
16126
16366
16127
16367
16113
16368
16114
16369
16115
16370
16116
16371
16117
16372
16118
16373
16119
16374
16120
16375
16121
16376
16122
16377
16123
16378
16124
16379
16125
16380
16126
16381
16127
16382
16383
16129
16144
16130
16145
16131
16146
16132
16147
16133
16148
16134
16149
16135
16150
16136
16151
16137
16152
16138
16153
16139
16154
16140
16155
16141
16156
16142
16157
16143
16158
16159
16145
16160
16146
16161
16147
16162
16148
16163
16149
16164
16150
16165
16151
16166
16152
16167
16153
16168
16154
16169
16155
16170
16156
16171
16157
16172
16158
16173
16159
16174
16175
16161
16176
16162
16177
16163
16178
16164
16179
16165
16180
16166
16181
16167
16182
16168
16183
16169
16184
16170
16185
16171
16186
16172
16187
16173
16188
16174
16189
16175
16190
16191
16177
16192
16178
16193
16179
16194
16180
16195
16181
16196
16182
16197
16183
16198
16184
16199
16185
16200
16186
16201
16187
16202
16188
16203
16189
16204
16190
16205
16191
16206
16207
16193
16208
16194
16209
16195
16210
16196
16211
16197
16212
16198
16213
16199
16214
16200
16215
16201
16216
16202
16217
16203
16218
16204
16219
16205
16220
16206
16221
16207
16222
16223
16209
16224
16210
16225
16211
16226
16212
16227
16213
16228
16214
16229
16215
16230
16216
16231
16217
16232
16218
16233
16219
16234
16220
16235
16221
16236
16222
16237
16223
16238
16239
16225
16240
16226
16241
16227
16242
16228
16243
16229
16244
16230
16245
16231
16246
16232
16247
16233
16248
16234
16249
16235
16250
16236
16251
16237
16252
16238
16253
16239
16254
16255
16241
16256
16242
16257
16243
16258
16244
16259
16245
16260
16246
16261
16247
16262
16248
16263
16249
16264
16250
16265
16251
16266
16252
16267
16253
16268
16254
16269
16255
16270
16271
16257
16272
16258
16273
16259
16274
16260
16275
16261
16276
16262
16277
16263
16278
16264
16279
16265
16280
16266
16281
16267
16282
16268
16283
16269
16284
16270
16285
16271
16286
16287
16273
16288
16274
16289
16275
16290
16276
16291
16277
16292
16278
16293
16279
16294
16280
16295
16281
16296
16282
16297
16283
16298
16284
16299
16285
16300
16286
16301
16287
16302
16303
16289
16304
16290
16305
16291
16306
16292
16307
16293
16308
16294
16309
16295
16310
16296
16311
16297
16312
16298
16313
16299
16314
16300
16315
16301
16316
16302
16317
16303
16318
16319
16305
16320
16306
16321
16307
16322
16308
16323
16309
16324
16310
16325
16311
16326
16312
16327
16313
16328
16314
16329
16315
16330
16316
16331
16317
16332
16318
16333
16319
16334
16335
16321
16336
16322
16337
16323
16338
16324
16339
16325
16340
16326
16341
16327
16342
16328
16343
16329
16344
16330
16345
16331
16346
16332
16347
16333
16348
16334
16349
16335
16350
16351
16337
16352
16338
16353
16339
16354
16340
16355
16341
16356
16342
16357
16343
16358
16344
16359
16345
16360
16346
16361
16347
16362
16348
16363
16349
16364
16350
16365
16351
16366
16367
16353
16368
16354
16369
16355
16370
16356
16371
16357
16372
16358
16373
16359
16374
16360
16375
16361
16376
16362
16377
16363
16378
16364
16379
16365
16380
16366
16381
16367
16382
16383
16369
16370
16371
16372
16373
16374
16375
16376
16377
16378
16379
16380
16381
16382
16383
)


// ************************************************************************* //
